INDID_100,C,T,ACAATAGCCGGCTCCC,ACAATAGCTGGCTCCC,TCAGACTTCCTTTTCTGAGTAACC
INDID_101,C,T,GTGCCTCCCGGGCAGG,GTGCCTCCTGGGCAGG,CAGGACTCACCTGCAACCAG
INDID_103,C,T,C[AG]TTGTCCCGAT[AT]TCA,C[AG]TTGTCCTGAT[AT]TCA,TCCTGAGGAAATACATAATGGAAG
INDID_104,C,T,TAAATTCTCGAGAACT,TAAATTCTTGAGAACT,TATGACCTGCCAAGATGCTG
INDID_105,A,G,TCTCTTGCATAAGAAA,TCTCTTGCGTAAGAAA,TGCACATCTGAAACCAAAAGA
INDID_107,C,T,GCTTCTTACACTATGA,GCTTCTTATACTATGA,GCCTTGCTGACTTCTGGACT
INDID_108,A,G,ATTGATGCACCTGAAG,ATTGATGCGCCTGAAG,CACAAATTCTTTAAAAGGTAAGCAA
INDID_109,A,G,TACTACACAAGATTAC,TACTACACGAGATTAC,TGACCATTGATGGGTAAAATTG
INDID_110,A,G,TTATCACTATAGAGTG,TTATCACTGTAGAGTG,GATCAGCGCAGACCTACACA
INDID_111,C,T,ATGCTTCACGGAGCTG,ATGCTTCATGGAGCTG,AGAGCCAGCTGCAAGAGC
INDID_112,A,G,TTTAAGACATGAATTC,TTTAAGACGTGAATTC,GAACATTCACTAAAGACACATAGCA
INDID_113,A,G,CCCAAGACATTAT[CT]CA,CCCAAGACGTTAT[CT]CA,TGATGGGCACTTTCCTTCTC
INDID_114,C,T,AGCCTATGCGTTGTCT,AGCCTATGTGTTGTCT,ATTCCATATGCTTGGCAGAG
INDID_117,A,G,GAAACCTCACGGCCCC,GAAACCTCGCGGCCCC,CAGGAGGCAGGAGAGGAAAC
INDID_118,A,G,ACAGGGACATTTTTCA,ACAGGGACGTTTTTCA,GGGCATCATCCCCAAACT
INDID_119,A,G,ACCATCCCAAAGTACT,ACCATCCCGAAGTACT,ACAGAGGCCCTGGAATGAG
INDID_120,C,T,AACTCTGCCGTATTAT,AACTCTGCTGTATTAT,GCCTGCTGCATAACTATAAGCTAGT
INDID_123,A,G,AATCTATCAGGCAAC[AC],AATCTATCGGGCAAC[AC],CCAAGACACCCAGGTCCTC
INDID_124,A,G,CCATCTGCATCTGGCC,CCATCTGCGTCTGGCC,AACGCTCCATTCTGTTTCTCTC
INDID_128,C,T,TGAGCACTCGCTTCCG,TGAGCACTTGCTTCCG,TTCTTGGCTACCCTCATCCA
INDID_129,C,T,GTACTCAGCTTTCTTT,GTACTCAGTTTTCTTT,ACTTTTGGGGAAGCCAAATA
INDID_130,C,T,CCCCTCAACGCCCCAT,CCCCTCAATGCCCCAT,TTCTTGAGTGCTCCAATCATTAC
INDID_131,A,G,CACAAGCCATTTCTAC,CACAAGCCGTTTCTAC,TCTGCAGTAATGAACCAAGCA
INDID_132,C,T,TAAGCTGACGTCCCCA,TAAGCTGATGTCCCCA,CAGTGCCATCACATAAGCTG
INDID_133,A,G,ATTTTTACATGTGTGG,ATTTTTACGTGTGTGG,CGTGGGTGAAAGGACTAAGG
INDID_134,C,T,CTTGAAGGCTGATATT,CTTGAAGGTTGATATT,TTTGGGGCTGTCTAGTATCCA
INDID_135,C,T,GAAATCTCCGAAATTA,GAAATCTCTGAAATTA,TCTGCCTACTATTTTCAGGCAAC
INDID_137,A,G,TAGACTCTACGCTCCC,TAGACTCTGCGCTCCC,GTGCTTCAGGGTGATGTGAA
INDID_139,C,T,TGGATAGACGATTCAT,TGGATAGATGATTCAT,GGCAAGAAGTTGAATTAAGGTAAGA
INDID_141,A,G,GACTGATCAGTAACCT,GACTGATCGGTAACCT,GCTCTTGACTGCAGGTTCACT
INDID_142,A,G,ATTATTGCATCAT[CT]TC,ATTATTGCGTCAT[CT]TC,CAGTCATATAGTGATCCAAATTATTGC
INDID_144,C,T,AAATAACACACCTACC,AAATAACATACCTACC,GCATCAGCAGAGGAGTGCT
INDID_145,A,G,AG[ATGC]CCTCCAGCTGTGC,AG[ATGC]CCTCCGGCTGTGC,GCCAGGACCTCTTAGTGCTG
INDID_146,A,G,ATGTTACCAAAAACAG,ATGTTACCGAAAACAG,TGATGGAAATTGATACACTTCTTGA
INDID_147,A,C,TCATGAGCATCCACCA,TCATGAGCCTCCACCA,CTTTAGCCCAGAAGCTATTAACAC
INDID_148,A,G,AAAGGCTCAC[CT]ATAAG,AAAGGCTCGC[CT]ATAAG,TGTGAAGGTTGTCAAGAAGCAT
INDID_149,C,T,CAAGTG[AC]GCGCAGCCC,CAAGTG[AC]GTGCAGCCC,TGTTCTTTCCCTTGGACTGG
INDID_150,C,T,CAGCTCTGCG[GT][CT]AGC[CT],CAGCTCTGTG[GT][CT]AGC[CT],AGGAGAAAGTTTGGGCCTTG
INDID_152,C,T,GGAC[ATGC][ATGC]CACGGGACCA,GGAC[ATGC][ATGC]CATGGGACCA,TCACCCTTATTTAAGCCAGTGTT
INDID_153,C,T,GAGTG[ATGC]CCCGGATTCC,GAGTG[ATGC]CCTGGATTCC,CCTGGGCAGAGTCCTGTAAC
INDID_154,C,T,CTGGGATGCGGGTGGC,CTGGGATGTGGGTGGC,CGCTTCCTTGCTTCTCAAGT
INDID_156,A,G,GTAATTACAGGAAGAT,GTAATTACGGGAAGAT,AAAGTTACCATGGCCCTCAG
INDID_157,C,T,T[ATGC]TGCTCCCGTGTTAG,T[ATGC]TGCTCCTGTGTTAG,TTTCACCTTGGACGCTTTTC
INDID_158,A,C,AGGGAAAGAGCTTAGC,AGGGAAAGCGCTTAGC,GCTGCCCACACTCAAAATTA
INDID_159,A,G,TGTGCCACATCTAAGC,TGTGCCACGTCTAAGC,TGGCAATATCAGGGAATGCT
INDID_160,A,G,ACTGCCTCAGAAATGA,ACTGCCTCGGAAATGA,TTGCCAAATAAACTGGACACA
INDID_161,A,G,GAAGCTTCAGGTCCAA,GAAGCTTCGGGTCCAA,TTGATCTCCTGTGTGAAAGGAA
INDID_162,A,G,CTGGCTGCATGTGTGG,CTGGCTGCGTGTGTGG,TCAGGTCAAAGGCCGACT
INDID_164,A,G,TCAAACCCATGCTCCC,TCAAACCCGTGCTCCC,CAGTCACCTTGCCTCCTCAT
INDID_165,C,T,GAACTGCACGGCAAAA,GAACTGCATGGCAAAA,CCCCTGCTCTTCTCTTTCAC
INDID_166,C,T,ATTATGCCCGATACAC,ATTATGCCTGATACAC,CCTTGGTTTTGTTTCTTTGTGA
INDID_167,C,T,TTGCCTGACGTGAAAT,TTGCCTGATGTGAAAT,GGATGTGGGTCAGAGAAATTG
INDID_168,A,G,AATTCTGGAAAGT[CT]GT,AATTCTGGGAAGT[CT]GT,TCAGCTTTAGTGCTTGAGGAAA
INDID_171,A,G,GAGCAGGCACCTGCAG,GAGCAGGCGCCTGCAG,CTGCTCACTTGGCAGTGTGT
INDID_173,C,T,AACAGCCACGCTTTGC,AACAGCCATGCTTTGC,TTCCAGAACATAATGCCCAAT
INDID_176,A,T,AATTTTTTAAAATTA[AC],AATTTTTTTAAATTA[AC],GGAAGCAGTGTCATGGGAAG
INDID_177,A,G,CCTAAATCACCAGAGG,CCTAAATCGCCAGAGG,TGCTGACACTTGGAGACAGG
INDID_178,C,T,CACTCGTCCGCAGTTC,CACTCGTCTGCAGTTC,TGCAGTCACATCCAAGGAGA
INDID_179,C,T,GAAGGACTCGGGGGAG,GAAGGACTTGGGGGAG,GTCAGGGAGCTTCCAGTCAG
INDID_181,C,T,ATCCTTTTCGGCTAGA,ATCCTTTTTGGCTAGA,CTAGCATTCATGGCCGATTT
INDID_183,A,G,TCATTCACATGGTTCT,TCATTCACGTGGTTCT,CTGGCATTCTTGGTGACCTT
INDID_184,C,T,[AG]CTGCCATCGCAAACC,[AG]CTGCCATTGCAAACC,TGTCCCAGAGTTCTGGACTTC
INDID_188,A,G,AGTTGTTGACATTCAA,AGTTGTTGGCATTCAA,CAGGCTTTCTTGAAATTCGTC
INDID_189,C,T,CAAGTTTTCGCACACA,CAAGTTTTTGCACACA,TGAAATCCTTGAAATGAATACGTC
INDID_190,A,G,TGTTCTG[ATGC]ACAGGTCA,TGTTCTG[ATGC]GCAGGTCA,AAATCCCACTGCGATGTTCT
INDID_192,C,T,CTCGCTGCCGATGGAG,CTCGCTGCTGATGGAG,ATGCTTCCCTCCGTCTGTC
INDID_193,A,G,GGGTTTACACCAGCCT,GGGTTTACGCCAGCCT,GCTGGCATCACAGGGTTTAC
INDID_21,C,T,TATTAA[CT][AG]C[AG]CAGATA,TATTAA[CT][AG]T[AG]CAGATA,TCGGGGACCTATTTATGCAA
INDID_22,A,G,TTCTAATTATTCATTA,TTCTAATTGTTCATTA,GCACACCAGTTTTGGAAGAAA
INDID_24,A,G,GGGGCTC[CT]AATACTGT,GGGGCTC[CT]GATACTGT,CCATGGAGTGTTTCTTCTTGG
INDID_25,C,T,CGTAGATTC[AG]TTTATT,CGTAGATTT[AG]TTTATT,TCTGAAGGTTTATCCTTTGGCTA
INDID_29,G,T,CTTCTTTGGGGGGAAA,CTTCTTTGTGGGGAAA,GCCAGCTTGATGGCTTTAAT
INDID_30,A,G,TATAAATCACCACTTC,TATAAATCGCCACTTC,TGAATTCCAAGTAAACTACCTATCTTT
INDID_31,A,G,ACCTCAACAAACTTCC,ACCTCAACGAACTTCC,CCCCTTGTCTCAGGACCTATT
INDID_32,A,G,CACCCCACAGCAGTGG,CACCCCACGGCAGTGG,AGCCCAGGAGCATAACACTG
INDID_34,C,T,TAGGTAGACGTCATTT,TAGGTAGATGTCATTT,GCCAGTCATCACCCAGATAGA
INDID_358,C,T,TTTTGTCCCAGAGAAT,TTTTGTCCTAGAGAAT,AAACTGCAACTTAACATTTTGTCC
INDID_360,A,G,TCATT[ATGC][ATGC][CT]ATTGCCTT,TCATT[ATGC][ATGC][CT]GTTGCCTT,AGCAATGAACTCTGTCGATGA
INDID_363,C,T,CAGGGCCACGGCCACG,CAGGGCCATGGCCACG,TTCCTCCTCAGCAGAAATGC
INDID_364,C,T,CAAATGTGCGA[CT]GAGC,CAAATGTGTGA[CT]GAGC,ATTCTGCACCGTCACCTAGC
INDID_367,C,T,CAAACCATCGAATCAG,CAAACCATTGAATCAG,GTGTTTGCACCACCAAACC
INDID_369,A,G,TCCCCCACAG[CT]AGGTG,TCCCCCACGG[CT]AGGTG,TGAAAACACACATCCCACCT
INDID_372,A,G,CCT[AG]CAGGACCTGAAA,CCT[AG]CAGGGCCTGAAA,TCTACCCAGGCAGTAATGGTG
INDID_373,A,T,T[AG]GAC[AC]TCACTGGTTC,T[AG]GAC[AC]TCTCTGGTTC,AGGGTCATAACTGGCATGTTC
INDID_376,A,G,GCCAACTCAT[AG]TAGTA,GCCAACTCGT[AG]TAGTA,GAAGCCTTAGTGATGCCACTG
INDID_378,A,G,TTGAGAACATCCCTTA,TTGAGAACGTCCCTTA,GGCATCCAGAGTTAATGCTTAT
INDID_379,C,T,ACATGAACC[AG]AGTTGA,ACATGAACT[AG]AGTTGA,CCACAGGGAGCTCTTCAAAA
INDID_38,C,T,GCAGGGAGCGCCTCCT,GCAGGGAGTGCCTCCT,GACCTCAGTTCCAGGGTGAG
INDID_381,C,T,CAGC[ATGC]TCACGCC[AG][AC]CT,CAGC[ATGC]TCATGCC[AG][AC]CT,TTTATTCATCTGTTCAAACCTGTAAA
INDID_382,C,G,TTCGAGGCC[AG]CTGCTG,TTCGAGGCG[AG]CTGCTG,CAAATTGGGCTCTGTTGTGA
INDID_384,C,G,GGCAGGAGCCACTTTG,GGCAGGAGGCACTTTG,TGGCCTCAAAGTCACCAG
INDID_385,A,G,AGGGTTTGACCCAGAT,AGGGTTTGGCCCAGAT,TGCATGACCTGCCTGATACT
INDID_388,C,T,GAAGATTACG[AT]GTAAA,GAAGATTATG[AT]GTAAA,TCAGGTTGAAGGAGCAGGTG
INDID_389,C,T,TACATGATCACCAACG,TACATGATTACCAACG,GGGAGCAGCAGACATAAAGC
INDID_39,A,G,GTACTTCCAAAATCTC,GTACTTCCGAAATCTC,AGGCAAGCCTAGTTTGATCTG
INDID_392,A,G,GACCGGCCAT[AG][CT]CC[AC]C,GACCGGCCGT[AG][CT]CC[AC]C,CTGCAAGGACATCACAGGAG
INDID_393,A,G,TTTGACAGAGGGCCTC,TTTGACAGGGGGCCTC,CCTCCAGCTCCTGCACAC
INDID_394,C,T,ACCTGCCTCGTAAAAC,ACCTGCCTTGTAAAAC,GACTTTCTAAGCAATTTTACACCTG
INDID_395,A,G,TTTTCAACATGTTCCA,TTTTCAACGTGTTCCA,GCAACGGTTACCCAGGTGT
INDID_396,C,T,TCCTGCAGC[AG]TCTGAT,TCCTGCAGT[AG]TCTGAT,CCCAGAGCCAGAAAGTCTGA
INDID_399,A,G,GCCTCCCTACTCAGGA,GCCTCCCTGCTCAGGA,TGTTCTGGGCTGAGGAGTTC
INDID_400,A,T,CCAGCAAAATTTTTCC,CCAGCAAATTTTTTCC,TTACTTAGGCATTTCTTGATTATCC
INDID_401,A,G,GTAATTACAGACACTG,GTAATTACGGACACTG,GCCCTCAGGAAGAAACAGAA
INDID_43,C,T,TGAGC[AG]TGCGGTATTT,TGAGC[AG]TGTGGTATTT,AGGTACCCAGTGAATATTGTTTTAAT
INDID_44,C,T,TGCAGTCCCGA[AG]CCAA,TGCAGTCCTGA[AG]CCAA,TTCGGAGACGTTTGTGAAGTC
INDID_46,C,T,AATAGATTCGTTCATC,AATAGATTTGTTCATC,TTCTTTTCTTCCTATTCTGAGCAGT
INDID_47,C,T,TCCTAACACGAGTACC,TCCTAACATGAGTACC,CTGACACCTGGTCTGGAGGT
INDID_49,C,T,ACTATAGACGCTAGTT,ACTATAGATGCTAGTT,TGCTTTTGATGTTTCCAGGAC
INDID_53,A,G,TAAGCATCACC[AC]TGAA,TAAGCATCGCC[AC]TGAA,CAGTTCTGAATGTCCCATGC
INDID_54,C,T,AGGGTGATCGCACTTT,AGGGTGATTGCACTTT,GCAGCATGCTACAGGGTGAT
INDID_55,A,G,GGATGGGCAGCTTAGC,GGATGGGCGGCTTAGC,GCAGCCTGCAGAGTAAGG
INDID_60,C,T,GTTCAA[AC]TCGCTCTTC,GTTCAA[AC]TTGCTCTTC,TCCCCTCTCTCATCACAGCTA
INDID_61,C,T,AGGATATACGCTGCAG,AGGATATATGCTGCAG,CCACATTTTCTTGGAATTTTCT
INDID_62,C,T,TGCTTTGCCGT[CT]GCCC,TGCTTTGCTGT[CT]GCCC,CTGCTCCTGGAAGTGGACAT
INDID_64,C,T,AAGAAATTCCCAAAGG,AAGAAATTTCCAAAGG,AGAGGCAAGTCACCCTAGCA
INDID_65,C,T,GCCAACATCGTGGGGG,GCCAACATTGTGGGGG,AGATAGTACAAGGCAGCCAACA
INDID_69,A,G,TCAAGGGCAGGCCTAC,TCAAGGGCGGGCCTAC,CCTGTGCTACTCCAGGCTTC
INDID_70,C,T,TTGAGAAGCGGACACT,TTGAGAAGTGGACACT,GTCACACATCCAACACACTGC
INDID_74,C,T,ATTGTTTCCGACTAAG,ATTGTTTCTGACTAAG,AGCAACTGCCTCAAATGTGT
INDID_75,A,G,AAGCTGC[CT]ATCTCCCC,AAGCTGC[CT]GTCTCCCC,AACGCCGTGATAGAGAATGG
INDID_76,C,T,AGTGAAACCGGGAATA,AGTGAAACTGGGAATA,TGGGCTGACATACACACTGG
INDID_78,A,G,GGCCGGCCACCTGCTG,GGCCGGCCGCCTGCTG,GGTCGCAATCCTCACCTCTA
INDID_81,C,T,ATAAGCACCGATTAT[AG],ATAAGCACTGATTAT[AG],GACTACATTTCCTCCCACTGC
INDID_82,A,G,GCGCACACACGCTGCC,GCGCACACGCGCTGCC,TGTAATGGGAGACCCAAAGG
INDID_83,C,T,CTATCTGCCGCAGGGA,CTATCTGCTGCAGGGA,ATCTGAGAGGGACAGAAAGTGC
INDID_86,C,T,CAAAAATACGATTATA,CAAAAATATGATTATA,TGCACCTGGAAGGAGATTAAC
INDID_88,A,G,TCTCTCTCACC[CT]CTGC,TCTCTCTCGCC[CT]CTGC,AGCCACCCAAATTCTACAGC
INDID_89,A,G,ACAACACCATCTCTTA,ACAACACCGTCTCTTA,CCATCTTTTAACAGAAAGCTCACA
INDID_90,C,T,CAGGGCCTCGTTGAAT,CAGGGCCTTGTTGAAT,AAAACTTTTCTTCCGCTCCTG
INDID_91,A,G,ACAAAACCAGAGTTTA,ACAAAACCGGAGTTTA,GTGTTTCATCAAGCAATTTCCA
INDID_92,C,T,ATTTCCTACGTACATT,ATTTCCTATGTACATT,AGGACTCCCACAGCCTACCT
INDID_94,A,G,CAGCAGCCACCCCATC,CAGCAGCCGCCCCATC,CACTCCAGGGAGGGTGTTT
INDID_98,A,G,AAACAATCAAGTTTTA,AAACAATCGAGTTTTA,CATTGGCCAGATAAAATAAAACAA
LWED_226,C,T,CAGGACACCGGGAGTC,CAGGACACTGGGAGTC,TCTGATGCAAATGCAATGCT
LWED_232,A,C,CTAATCAAATTTTATT,CTAATCAACTTTTATT,ACCCTCATGTTTGAGCATCC
LWED_233,C,G,TTGGGTTACGTTATGA,TTGGGTTAGGTTATGA,GCTTGAAGCCACTAGCAATG
LWED_235,C,G,CTCTCAATCCAGTTTA,CTCTCAATGCAGTTTA,GCCCTGCTTTAGCTCTTCCT
LWED_237,A,G,ATGTGCATATGCATAC,ATGTGCATGTGCATAC,AAACCCCTTGCTTCCTGAGT
LWED_239,A,G,TTGGGGGTAGGTTGGG,TTGGGGGTGGGTTGGG,TTGAGCAACGTCAGATCAGG
LWED_240,C,T,GGTGTTGGCTGTGCCA,GGTGTTGGTTGTGCCA,AGGGTTTTGGAATTGGGAAC
LWED_244,C,T,GTCCTTTCCAGAGACC,GTCCTTTCTAGAGACC,TGGTGCCATTTGCATAGTGT
LWED_246,G,T,TTATGGGGGAGATCTG,TTATGGGGTAGATCTG,GATCAAGACGGAGCAGGAAG
LWED_248,C,T,TTTTTTAACAAATAAC,TTTTTTAATAAATAAC,CGTGTTGAGGTAAAGGCAGAT
LWED_250,C,T,CTGCCTCACAGGCTCT,CTGCCTCATAGGCTCT,GGATGTCACTGTCTGCCTCA
LWED_254,A,G,TATCATACAGGTTCCT,TATCATACGGGTTCCT,GTGCATCTTGCAAGTGTGTG
LWED_255,C,T,CAAGAATACATTGTGA,CAAGAATATATTGTGA,AAAAGTGAGCTCCACGATGC
LWED_257,C,T,TGTGATGGCTTCACAC,TGTGATGGTTTCACAC,CCTGCAGACATTTGGAGACC
LWED_259,A,C,CCACGTGGAAACAGAT,CCACGTGGCAACAGAT,CGACACGGATAAATGGCTCT
LWED_263,A,T,ATGTTTAAAAATGTTA,ATGTTTAATAATGTTA,TCAAACTTGGGGAAGGATCA
LWED_266,G,T,ATAGTCACGGTTGCAA,ATAGTCACTGTTGCAA,CCTTTGCCACAGCACCTTAT
LWED_268,A,C,TCAGTCACAGGATGCA,TCAGTCACCGGATGCA,CATTCCTTCTTGCCCCTTTAC
LWED_270,C,T,TAAAAATACGCTGAAA,TAAAAATATGCTGAAA,ACCCTGCAAGGTCAGCTAAA
LWED_272,G,T,TGCAGACCGGCAGTTG,TGCAGACCTGCAGTTG,CTCCCAGGAAACCTGCACTA
LWED_274,A,T,ACATCCTTAATAAGCA,ACATCCTTTATAAGCA,ACAAATCGACTGGGAACATCT
LWED_275,C,G,CTCTTGAGCTGGCATT,CTCTTGAGGTGGCATT,CAATTGCATCCACCTCCTTC
LWED_276,C,T,GCCTTTAACATGGAAT,GCCTTTAATATGGAAT,TGCCTCGAAGTTATCTTTGCT
LWED_278,C,T,TCAGCCACCATTTAGC,TCAGCCACTATTTAGC,AAGGGACATCTGCACCTCAG
LWED_279,A,T,AAACTTGTAT[GT]TTTAA,AAACTTGTTT[GT]TTTAA,CGGCTTCTTCTCCAAATCAC
LWED_282,C,T,CTCTGAGTCTTTGAAG,CTCTGAGTTTTTGAAG,CCGATGCATTGGCTTAAAAT
LWED_283,C,T,TGACTTTGCTTCTTTC,TGACTTTGTTTCTTTC,TAGAAGCAGGGAGTGGGAAA
LWED_284,A,G,CCAGGCACATTTCTGT,CCAGGCACGTTTCTGT,CAAGGAGGAGTTGGGTCTCA
LWED_285,A,G,AAATTCCAAGCAATGG,AAATTCCAGGCAATGG,CCCTCATTAGCAGCCCATTA
LWED_286,C,T,TCTTTGTACTATTGCT,TCTTTGTATTATTGCT,TGAGATTGCATGGTTTTATGGT
LWED_290,C,T,TGCCAGCCCCCCTCCC,TGCCAGCCTCCCTCCC,GTGGGCCACACCTCTTTTC
SEXID_LWED_195,C,T,CCACCCACC[CT]GAAGCT,CCACCCACT[CT]GAAGCT,GCTGTGGCTTCTCTCTCTTGA
SEXID_SIMP_197,A,G,TGG[CT]GGCCACGC[AG]TGT,TGG[CT]GGCCGCGC[AG]TGT,CGGGAAGGAGTCTGACAAGA
SEXID_SIMP_198,C,T,CATA[CT]TGGCTTGGGAT,CATA[CT]TGGTTTGGGAT,GGTTTTGAGCCAGCCAGTTA
SEXID_200,C,T,TAGAAAGTCG[CT][AG]TGCA,TAGAAAGTTG[CT][AG]TGCA,CTCTGCTTGTGCTCCCTACA
SEXID_SIMP_203,A,G,TCATCAGAAAACCCAA,TCATCAGAGAACCCAA,TCTGAATTCCTCCCTCTCCA
SEXID_205,C,T,TCAACCCCCGCAGGGC,TCAACCCCTGCAGGGC,GCTTGGCAGAAGGAGTGATG
SEXID_LWED_208,A,G,TGGGCTTCAGGGACAC,TGGGCTTCGGGGACAC,GGTGGGAATTAGCAATGAGG
SEXID_209,C,T,ACTGTCTAC[AG]TGTTCT,ACTGTCTAT[AG]TGTTCT,GCATGCCCTCTCATAAGTCC
SEXID_215,C,T,TAGAAGTAC[GC]CTA[GT]TA,TAGAAGTAT[GC]CTA[GT]TA,TTGGTAGGTCTGTGCTTCTGA
SEXID_SIMP_218,A,G,TTCCAGACACTTCCAC,TTCCAGACGCTTCCAC,TGGAACTGTGGGGTCATGTA
SEXID_219,C,G,ATCACATTCTAATGAC,ATCACATTGTAATGAC,TCAAGGTGATAAACCATCTTTAAATC
SEXID_222,G,T,GCCCTA[CT]GGGTTC[AT]GT,GCCCTA[CT]GTGTTC[AT]GT,TGCTTAAGGTAATGACAGCCCTA
SIMP_296,A,G,AGAGAAGGACCAAGTC,AGAGAAGGGCCAAGTC,CTCCAACACCCTTCCAGAGA
SIMP_297,C,T,CCTGTGCACGTGATTG,CCTGTGCATGTGATTG,GGCTTGCATTCATGAGCAC
SIMP_299,C,G,TACCCTAACTCTAGCT,TACCCTAAGTCTAGCT,CCAGGTTATCCCACAGGTTG
SIMP_302,C,G,CAATTACACTCTAGAG,CAATTACAGTCTAGAG,CATTGCACCTTCACATCAGC
SIMP_304,A,G,TGGGCTGAACTGGGGC,TGGGCTGAGCTGGGGC,CCCTCCTGTAAATGGACCAA
SIMP_306,A,G,CTTAGAGTAGGATACC,CTTAGAGTGGGATACC,GGACCCACACTTGGGAAAC
SIMP_307,C,T,CCGTGGTTCTAGACCC,CCGTGGTTTTAGACCC,TGCTCGGAAGTGAGTCACAG
SIMP_308,C,T,ACTGCTGTCCATAGTT,ACTGCTGTTCATAGTT,GGAACCAAGGCTTGAACTCT
SIMP_311,A,G,ATCAGAGCAGGTCAAG,ATCAGAGCGGGTCAAG,TCCTGTGCCTCCTACAGCTT
SIMP_313,C,T,CCGCCTATCGTCTTGA,CCGCCTATTGTCTTGA,TTACCCGTCAATGGGAACA
SIMP_318,G,T,AGGTATTTGGTTTGTAG,AGGTATTTTGTTTGTAG,TGCCTTATGAAAGCTGAAGG
SIMP_320,C,T,GGTCACCCCGAGAGGC,GGTCACCCTGAGAGGC,TTCCTGATGAGGTGCCAGAC
SIMP_321,C,T,ACAGAAATCCCCCCAG,ACAGAAATTCCCCCAG,TTCTGGATTCCCAAGACCAG
SIMP_322,C,T,TGCTGCTTCTCCTGCT,TGCTGCTTTTCCTGCT,GCCACCTGGCATTTACTCAG
SIMP_323,C,T,GGGTTTTTCCTGAAAG,GGGTTTTTTCTGAAAG,CAAGCAGCTGATGAATGAGG
SIMP_324,C,T,GTAGGGGGCGTGATGG,GTAGGGGGTGTGATGG,AGTTTGGAGATGCCAGCAAT
SIMP_325,C,T,ACTGCCACCGTTTTAA,ACTGCCACTGTTTTAA,CAGGTCATGCTTCCACTCTG
SIMP_327,C,G,TACTCATGCTCTGTAC,TACTCATGGTCTGTAC,AAGGACTCCAGTGCCCTCTT
SIMP_328,C,T,ATATCTCCCACAGCAC,ATATCTCCTACAGCAC,GCCTGGGAGACAAGAGAAAA
SIMP_329,C,T,TCATGCATCAGGTGGC,TCATGCATTAGGTGGC,GGTCTTCTCTGCCTGCTACG
SIMP_332,A,G,ATAGTGGTATGTCTAC,ATAGTGGTGTGTCTAC,TGGACTCCTGACCCTTTGAG
SIMP_333,A,G,AAAGCTGCAGAGTCAC,AAAGCTGCGGAGTCAC,TCCACACCAAAACAAAGCTG
SIMP_335,A,G,CCAATGACATATATAA,CCAATGACGTATATAA,TTAGCTCCCAGACCCTCAGA
SIMP_336,A,G,GTTTAAATACCTTTGT,GTTTAAATGCCTTTGT,TGTTAGGCTCACAGCACCAA
SIMP_337,C,T,CTGTCTTACAAAATTG,CTGTCTTATAAAATTG,ACGCCATGAAAGTGTTTGAA
SIMP_341,C,T,AAATGTTACCGATTCT,AAATGTTATCGATTCT,AATGCTTGGAGTTGGACCTG
SIMP_346,C,T,AATTTGTACTCCTCCC,AATTTGTATTCCTCCC,TCCTTTTCAAAGGCTGATGG
SIMP_348,A,G,CTAGTGAGATGGTATT,CTAGTGAGGTGGTATT,CAGCTGACTGCTGCGTTTAG
SIMP_352,C,T,TAAATTCTCATGTGAA,TAAATTCTTATGTGAA,ATCCTTCCAGCAGGAAAACA
SIMP_355,A,C,CCCCCTTCACCCAGCT,CCCCCTTCCCCCAGCT,CTGGATAGCTCCCCACACAC
SIMP_356,A,G,GTGATGTCAGAGGTTT,GTGATGTCGGAGGTTT,TGTACAGCTTGGGTCTGGTG
SIMP_357,A,G,AGGTTTGAACTACTAT,AGGTTTGAGCTACTAT,CGATTAAAGGCTTTCCCACA
SPECIESID_1,C,G,AGGCCAATCCTTCATG,AGGCCAATGCTTCATG,TCCTGCTCTTCAGGCCAAT
SPECIESID_12,C,G,GGGAGGCGCGGCC[AC]CC,GGGAGGCGGGGCC[AC]CC,AGGTCGATGCAAAAGACACA
SPECIESID_13,A,G,TTTTTCCCATAGATAT,TTTTTCCCGTAGATAT,GATGCTGTGAGGAATGCAGA
SPECIESID_14,C,G,GGGGGTTACG[AG]GAATA,GGGGGTTAGG[AG]GAATA,ACACCCAGCTCAAGATGGAC
SPECIESID_15,A,C,CTGCCCCGAAGCCTGC,CTGCCCCGCAGCCTGC,CTGTTCTGGGCCATCCTCT
SPECIESID_16,C,T,ACATTTGCCCTATCCA,ACATTTGCTCTATCCA,TGCTTTTCTGTCTTTGGCTTA
SPECIESID_17,C,G,TGGTTTCCCAGAATGC,TGGTTTCCGAGAATGC,AGAGACCTTGCCAAGTCGTG
SPECIESID_19,A,G,GCCGCCGAATCTTCCT,GCCGCCGAGTCTTCCT,AGCCCTGCACCAGGTAACTC
SPECIESID_20,C,T,AATGACACCGGGAAGC,AATGACACTGGGAAGC,TGCCTTTCCCTCTGCTATTG
SPECIESID_5,A,G,GCTGCCTCAAGCTCCA,GCTGCCTCGAGCTCCA,TCCTTGGCATTAGCTCCCTA
SPECIESID_8,C,G,GTCCTTGTCAAACTCT,GTCCTTGTGAAACTCT,CCTACTTGCCAGTCAAACCA
SPECIESID_9,C,T,G[ATGC]GACCCGCGGTCACT,G[ATGC]GACCCGTGGTCACT,GCAGGAGGCAGAAACTACCA
LWED_281,C,T,CAAATTTTCCACACCA,CAAATTTTTCACACCA,CATCTCTTGCAATGCCTGAA
