"sampleFile","Sample","Total.Reads","Off.target.Reads","Primer.Only.Reads","Primer.Probe.Reads","Off.target.Proportion","Primer.Only.Proportion","Primer.Probe.Proportion","lociSet","GenotypeRate","Heterozygosity","conScore","sampleID","index_combo","pcr1Plate","pcr1Row","pcr1Col","animalID","sampleType","captureDate","captureYear","groupName","animalName","species","sex"
"tamRun3-001.fastq","tamRun3-001",62206,39938,7225,15043,0.64,0.12,0.24,"LWED",0.632432432432432,0.232432432432432,0.255813953488372,"tamRun3-001","S502-N701","1, 2","A",1,"156","hair","06/23/2019","2019","Bloopers","BLBS","LWED","M"
"tamRun3-002.fastq","tamRun3-002",14016,10391,3580,45,0.74,0.26,0,"SIMP",0,0,NA,"tamRun3-002","S503-N701","1, 2","B",1,"181","hair","06/05/2018","2018","Loners","OPR","SIMP","F"
"tamRun3-003.fastq","tamRun3-003",131914,81616,6346,43952,0.62,0.05,0.33,"LWED",0.789189189189189,0.291891891891892,0.388888888888889,"tamRun3-003","S505-N701","1, 2","C",1,"63","hair","06/19/2018","2018","Bloopers","BLPO","LWED","F"
"tamRun3-004.fastq","tamRun3-004",18766,13540,2445,2781,0.72,0.13,0.15,"LWED",0.2,0.0486486486486487,0.444444444444444,"tamRun3-004","S506-N701","1, 2","D",1,"203","hair","06/19/2018","2018","Bloopers","BLBW3","LWED","M"
"tamRun3-005.fastq","tamRun3-005",78674,46817,6988,24869,0.6,0.09,0.32,"SIMP",0.737967914438503,0.203208556149733,0.315789473684211,"tamRun3-005","S507-N701","1, 2","E",1,"19","hair","06/24/2017","2017","Bees","YBR","SIMP","M"
"tamRun3-006.fastq","tamRun3-006",20572,14352,3470,2750,0.7,0.17,0.13,"LWED",0.259459459459459,0.0432432432432432,0.375,"tamRun3-006","S508-N701","1, 2","F",1,"220","hair","06/23/2019","2019","Bloopers","BLBY4","LWED","M"
"tamRun3-007.fastq","tamRun3-007",18106,13332,4073,701,0.74,0.22,0.04,"SIMP",0.0213903743315508,0,NA,"tamRun3-007","S510-N701","1, 2","G",1,"291","hair","06/30/2019","2019","Bees","YBO2","SIMP","M"
"tamRun3-008.fastq","tamRun3-008",111148,79363,6035,25750,0.71,0.05,0.23,"LWED",0.594594594594595,0.254054054054054,0.276595744680851,"tamRun3-008","S511-N701","1, 2","H",1,"535","hair","06/20/2019","2019","Illest","YBG4","LWED","M"
"tamRun3-009.fastq","tamRun3-009",35330,22328,3011,9991,0.63,0.09,0.28,"SIMP",0.475935828877005,0.155080213903743,0.344827586206897,"tamRun3-009","S502-N702","1, 2","A",2,"182","hair","07/01/2019","2019","Ji","RPO","SIMP","F"
"tamRun3-010.fastq","tamRun3-010",34096,20766,3824,9506,0.61,0.11,0.28,"SIMP",0.406417112299465,0.106951871657754,0.6,"tamRun3-010","S503-N702","1, 2","B",2,"54","hair","06/20/2017","2017","WhiteEmps","WPO","SIMP","F"
"tamRun3-011.fastq","tamRun3-011",11750,9215,2520,15,0.78,0.21,0,"LWED",0,0,NA,"tamRun3-011","S505-N702","1, 2","C",2,"144","hair","06/18/2019","2019","StarrySky","SBS","LWED","M"
"tamRun3-012.fastq","tamRun3-012",10670,7739,2702,229,0.73,0.25,0.02,"LWED",0.0378378378378378,0,NA,"tamRun3-012","S506-N702","1, 2","D",2,"209","hair","06/20/2019","2019","Illest","BLBL2","LWED","M"
"tamRun3-013.fastq","tamRun3-013",10210,7514,2682,14,0.74,0.26,0,"LWED",0,0,NA,"tamRun3-013","S507-N702","1, 2","E",2,"280","hair","06/20/2019","2019","Illest","YPY","LWED","F"
"tamRun3-014.fastq","tamRun3-014",11224,7906,3300,18,0.7,0.29,0,"LWED",0,0,NA,"tamRun3-014","S508-N702","1, 2","F",2,"155","hair","06/13/2016","2016","Ghosts","LBL","LWED","M"
"tamRun3-015.fastq","tamRun3-015",43930,25269,4533,14128,0.58,0.1,0.32,"SIMP",0.636363636363636,0.240641711229947,0.555555555555556,"tamRun3-015","S510-N702","1, 2","G",2,"4","hair","06/07/2018","2018","BritishArmy","WBG","SIMP","M"
"tamRun3-016.fastq","tamRun3-016",123614,83240,5998,34376,0.67,0.05,0.28,"LWED",0.713513513513514,0.313513513513514,0.431034482758621,"tamRun3-016","S511-N702","1, 2","H",2,"26","hair","06/10/2019","2019","O.Sky","OBY","LWED","M"
"tamRun3-017.fastq","tamRun3-017",92674,52019,4401,36254,0.56,0.05,0.39,"LWED",0.718918918918919,0.302702702702703,0.482142857142857,"tamRun3-017","S502-N703","1, 2","A",3,"275","hair","06/12/2019","2019","AR6","OPS","LWED","F"
"tamRun3-018.fastq","tamRun3-018",106678,62075,7602,37001,0.58,0.07,0.35,"SIMP",0.962566844919786,0.379679144385027,0.380281690140845,"tamRun3-018","S503-N703","1, 2","B",3,"218","hair","06/07/2018","2018","BritishArmy","WBO2","SIMP","M"
"tamRun3-019.fastq","tamRun3-019",158766,98967,7735,52064,0.62,0.05,0.33,"LWED",0.854054054054054,0.335135135135135,0.483870967741935,"tamRun3-019","S505-N703","1, 2","C",3,"200","hair","06/12/2019","2019","AR6","OBR3","LWED","M"
"tamRun3-020.fastq","tamRun3-020",16906,10772,1638,4496,0.64,0.1,0.27,"SIMP",0.379679144385027,0.0909090909090909,0.352941176470588,"tamRun3-020","S506-N703","1, 2","D",3,"22","hair","06/11/2017","2017","IC","GBL","SIMP","M"
"tamRun3-021.fastq","tamRun3-021",147662,84330,5388,57944,0.57,0.04,0.39,"SIMP",0.818181818181818,0.267379679144385,0.46,"tamRun3-021","S507-N703","1, 2","E",3,"33","hair","06/15/2018","2018","Ji","RPG/RRC","SIMP","F"
"tamRun3-022.fastq","tamRun3-022",124260,69983,3085,51192,0.56,0.02,0.41,"SIMP",0.74331550802139,0.299465240641711,0.428571428571429,"tamRun3-022","S508-N703","1, 2","F",3,"225","hair","07/01/2019","2019","Ji","RPY2","SIMP","F"
"tamRun3-023.fastq","tamRun3-023",47714,27874,2390,17450,0.58,0.05,0.37,"SIMP",0.839572192513369,0.352941176470588,0.393939393939394,"tamRun3-023","S510-N703","1, 2","G",3,"288","hair","06/27/2019","2019","OrangeEmps","OBO2","SIMP","M"
"tamRun3-024.fastq","tamRun3-024",75710,43864,3235,28611,0.58,0.04,0.38,"SIMP",0.893048128342246,0.27807486631016,0.25,"tamRun3-024","S511-N703","1, 2","H",3,"199","hair","06/14/2018","2018","OrangeEmps","OPBL2","SIMP","F"
"tamRun3-025.fastq","tamRun3-025",10946,7697,2236,1013,0.7,0.2,0.09,"LWED",0.172972972972973,0.0594594594594595,0.181818181818182,"tamRun3-025","S502-N704","1, 2","A",4,"232","hair","06/23/2019","2019","Bloopers","LPO","LWED","F"
"tamRun3-026.fastq","tamRun3-026",27856,19580,3094,5182,0.7,0.11,0.19,"LWED",0.686486486486486,0.291891891891892,0.12962962962963,"tamRun3-026","S503-N704","1, 2","B",4,"27","hair","06/12/2019","2019","AR6","OBL","LWED","M"
"tamRun3-027.fastq","tamRun3-027",11700,8575,3094,31,0.73,0.26,0,"LWED",0,0,NA,"tamRun3-027","S505-N704","1, 2","C",4,"XTN (-)","XTN (-)","XTN (-)","XTN (-)","XTN (-)","XTN (-)","XTN (-)","XTN (-)"
"tamRun3-027.fastq","tamRun3-027",11700,9116,2553,31,0.78,0.22,0,"SIMP",0,0,NA,"tamRun3-027","S505-N704","1, 2","C",4,"XTN (-)","XTN (-)","XTN (-)","XTN (-)","XTN (-)","XTN (-)","XTN (-)","XTN (-)"
"tamRun3-028.fastq","tamRun3-028",38526,22379,2938,13209,0.58,0.08,0.34,"SIMP",0.684491978609626,0.294117647058824,0.254545454545455,"tamRun3-028","S506-N704","1, 2","D",4,"193","hair","06/13/2018","2018","IC","GBW2","SIMP","M"
"tamRun3-029.fastq","tamRun3-029",26348,14808,1214,10326,0.56,0.05,0.39,"LWED",0.459459459459459,0.178378378378378,0.363636363636364,"tamRun3-029","S507-N704","1, 2","E",4,"198","hair","06/16/2018","2018","WhiteSf","YPG2","LWED","F"
"tamRun3-030.fastq","tamRun3-030",13642,10630,2909,103,0.78,0.21,0.01,"SIMP",0.0053475935828877,0,NA,"tamRun3-030","S508-N704","1, 2","F",4,"294","hair","07/05/2019","2019","YoungMoney","BLPG","SIMP","F"
"tamRun3-031.fastq","tamRun3-031",50742,32286,2880,15576,0.64,0.06,0.31,"LWED",0.848648648648649,0.291891891891892,0.203703703703704,"tamRun3-031","S510-N704","1, 2","G",4,"157","hair","06/17/2016","2016","WhiteSf","WPS2","LWED","F"
"tamRun3-032.fastq","tamRun3-032",151354,86993,5989,58372,0.57,0.04,0.39,"SIMP",0.834224598930481,0.288770053475936,0.314814814814815,"tamRun3-032","S511-N704","1, 2","H",4,"207","hair","06/30/2019","2019","Bees","YPO","SIMP","F"
"tamRun3-033.fastq","tamRun3-033",111978,72462,11173,28343,0.65,0.1,0.25,"SIMP",0.358288770053476,0.117647058823529,0.5,"tamRun3-033","S502-N705","1, 2","A",5,"208","hair","06/30/2019","2019","Bees","YPL","SIMP","F"
"tamRun3-034.fastq","tamRun3-034",71662,44239,6231,21192,0.62,0.09,0.3,"LWED",0.816216216216216,0.308108108108108,0.473684210526316,"tamRun3-034","S503-N705","1, 2","B",5,"166","hair","06/13/2017","2017","WhiteSf","BLPY/RC","LWED","F"
"tamRun3-035.fastq","tamRun3-035",153990,99315,4963,49712,0.64,0.03,0.32,"LWED",0.789189189189189,0.356756756756757,0.303030303030303,"tamRun3-035","S505-N705","1, 2","C",5,"143","hair","06/18/2019","2019","StarrySky","SBG","LWED","M"
"tamRun3-036.fastq","tamRun3-036",57732,32622,2279,22831,0.57,0.04,0.4,"SIMP",0.647058823529412,0.288770053475936,0.574074074074074,"tamRun3-036","S506-N705","1, 2","D",5,"290","hair","06/30/2019","2019","Bees","YPBL2","SIMP","F"
"tamRun3-037.fastq","tamRun3-037",96204,54998,4445,36761,0.57,0.05,0.38,"SIMP",0.770053475935829,0.251336898395722,0.446808510638298,"tamRun3-037","S507-N705","1, 2","E",5,"212","hair","06/23/2017","2017","WhiteEmps","WPL","SIMP","F"
"tamRun3-038.fastq","tamRun3-038",92944,55928,2986,34030,0.6,0.03,0.37,"LWED",0.8,0.313513513513514,0.293103448275862,"tamRun3-038","S508-N705","1, 2","F",5,"273","hair","06/10/2019","2019","O.Sky","OPBL3","LWED","F"
"tamRun3-039.fastq","tamRun3-039",42576,24785,2266,15525,0.58,0.05,0.36,"SIMP",0.807486631016043,0.315508021390374,0.11864406779661,"tamRun3-039","S510-N705","1, 2","G",5,"173","hair","06/18/2016","2016","MI4","LBY","SIMP","M"
"tamRun3-040.fastq","tamRun3-040",47774,29691,3508,14575,0.62,0.07,0.31,"LWED",0.832432432432432,0.345945945945946,0.21875,"tamRun3-040","S511-N705","1, 2","H",5,"57","hair","06/22/2017","2017","StarrySky","SPW/SRC","LWED","F"
"tamRun3-041.fastq","tamRun3-041",69892,41477,3944,24471,0.59,0.06,0.35,"SIMP",0.545454545454545,0.213903743315508,0.35,"tamRun3-041","S502-N706","1, 2","A",6,"107","hair","06/27/2019","2019","OrangeEmps","OBG","SIMP","M"
"tamRun3-042.fastq","tamRun3-042",14054,9843,2349,1862,0.7,0.17,0.13,"LWED",0.264864864864865,0.0918918918918919,0.294117647058824,"tamRun3-042","S503-N706","1, 2","B",6,"9","hair","06/15/2017","2017","Illest","YBR","LWED","M"
"tamRun3-043.fastq","tamRun3-043",33932,22529,5601,5802,0.66,0.17,0.17,"SIMP",0.443850267379679,0.144385026737968,0.555555555555556,"tamRun3-043","S505-N706","1, 2","C",6,"293","hair","07/01/2019","2019","Ji","RPG2","SIMP","F"
"tamRun3-044.fastq","tamRun3-044",51302,33870,2064,15368,0.66,0.04,0.3,"LWED",0.648648648648649,0.221621621621622,0.48780487804878,"tamRun3-044","S506-N706","1, 2","D",6,"38","hair","06/20/2019","2019","WhiteSf","BLBG","LWED","M"
"tamRun3-045.fastq","tamRun3-045",12086,8888,3172,26,0.74,0.26,0,"LWED",0,0,NA,"tamRun3-045","S507-N706","1, 2","E",6,"278","hair","06/18/2019","2019","StarrySky","SBY2","LWED","M"
"tamRun3-046.fastq","tamRun3-046",126076,74724,4776,46576,0.59,0.04,0.37,"SIMP",0.716577540106952,0.25668449197861,0.229166666666667,"tamRun3-046","S508-N706","1, 2","F",6,"91","hair","06/15/2017","2017","OrangeEmps","OPL/ORC","SIMP","F"
"tamRun3-047.fastq","tamRun3-047",5744,4480,1246,18,0.78,0.22,0,"SIMP",0,0,NA,"tamRun3-047","S510-N706","1, 2","G",6,"283","hair","06/22/2019","2019","IC","GBS2","SIMP","M"
"tamRun3-048.fastq","tamRun3-048",64256,38086,4256,21914,0.59,0.07,0.34,"SIMP",0.786096256684492,0.203208556149733,0.631578947368421,"tamRun3-048","S511-N706","1, 2","H",6,"215","hair","06/24/2017","2017","BritishArmy","WPY","SIMP","F"
"tamRun3-049.fastq","tamRun3-049",14222,10190,3943,89,0.72,0.28,0.01,"SIMP",0,0,NA,"tamRun3-049","S502-N707","1, 2","A",7,"154","hair","06/22/2019","2019","IC","GBO","SIMP","M"
"tamRun3-050.fastq","tamRun3-050",280924,168381,12441,100102,0.6,0.04,0.36,"SIMP",0.967914438502674,0.315508021390374,0.389830508474576,"tamRun3-050","S503-N707","1, 2","B",7,"221","hair","06/27/2019","2019","OrangeEmps","OPY2","SIMP","F"
"tamRun3-051.fastq","tamRun3-051",182216,117538,7871,56807,0.65,0.04,0.31,"LWED",0.745945945945946,0.259459459459459,0.479166666666667,"tamRun3-051","S505-N707","1, 2","C",7,"279","hair","06/18/2019","2019","StarrySky","SRC2","LWED","F"
"tamRun3-052.fastq","tamRun3-052",95198,54228,4067,36903,0.57,0.04,0.39,"SIMP",0.748663101604278,0.294117647058824,0.509090909090909,"tamRun3-052","S506-N707","1, 2","D",7,"228","hair","06/30/2019","2019","Bees","YBG2","SIMP","M"
"tamRun3-053.fastq","tamRun3-053",121352,69084,7659,44609,0.57,0.06,0.37,"SIMP",0.802139037433155,0.315508021390374,0.389830508474576,"tamRun3-053","S507-N707","1, 2","E",7,"55","hair","06/07/2018","2018","BritishArmy","WBW","SIMP","M"
"tamRun3-054.fastq","tamRun3-054",107968,61632,4973,41363,0.57,0.05,0.38,"SIMP",0.732620320855615,0.310160427807487,0.344827586206897,"tamRun3-054","S508-N707","1, 2","F",7,"183","hair","06/15/2018","2018","Ji","RPBL2","SIMP","F"
"tamRun3-055.fastq","tamRun3-055",64790,36919,4382,23489,0.57,0.07,0.36,"SIMP",0.46524064171123,0.18716577540107,0.4,"tamRun3-055","S510-N707","1, 2","G",7,"23","hair","06/11/2017","2017","IC","LBR","SIMP","M"
"tamRun3-056.fastq","tamRun3-056",28634,18458,3630,6546,0.64,0.13,0.23,"LWED",0.378378378378378,0.162162162162162,0.566666666666667,"tamRun3-056","S511-N707","1, 2","H",7,"285","hair","06/23/2019","2019","Bloopers","BLBO","LWED","M"
"tamRun3-057.fastq","tamRun3-057",63668,38698,4265,20705,0.61,0.07,0.33,"SIMP",0.770053475935829,0.251336898395722,0.425531914893617,"tamRun3-057","S502-N710","1, 2","A",8,"211","hair","06/23/2017","2017","WhiteEmps","WPS","SIMP","F"
"tamRun3-058.fastq","tamRun3-058",94996,53975,3434,37587,0.57,0.04,0.4,"SIMP",0.828877005347594,0.342245989304813,0.359375,"tamRun3-058","S503-N710","1, 2","B",8,"226","hair","07/05/2019","2019","YoungMoney","BLPY","SIMP","F"
"tamRun3-059.fastq","tamRun3-059",81006,45946,4188,30872,0.57,0.05,0.38,"SIMP",0.727272727272727,0.235294117647059,0.340909090909091,"tamRun3-059","S505-N710","1, 2","C",8,"217","hair","06/07/2018","2018","BritishArmy","WRC2","SIMP","F"
"tamRun3-060.fastq","tamRun3-060",75334,48843,2390,24101,0.65,0.03,0.32,"LWED",0.756756756756757,0.291891891891892,0.277777777777778,"tamRun3-060","S506-N710","1, 2","D",8,"42","hair","06/17/2016","2016","WhiteSf","WPR/WRC","LWED","F"
"tamRun3-061.fastq","tamRun3-061",63816,43408,5605,14803,0.68,0.09,0.23,"LWED",0.659459459459459,0.243243243243243,0.244444444444444,"tamRun3-061","S507-N710","1, 2","E",8,"277","hair","06/18/2019","2019","StarrySky","SBR3","LWED","M"
"tamRun3-062.fastq","tamRun3-062",40160,26409,5349,8402,0.66,0.13,0.21,"LWED",0.52972972972973,0.145945945945946,0.259259259259259,"tamRun3-062","S508-N710","1, 2","F",8,"196","hair","06/13/2017","2017","Sun7","YPBL/RC","LWED","F"
"tamRun3-063.fastq","tamRun3-063",9706,7133,2499,74,0.73,0.26,0.01,"SIMP",0.0053475935828877,0,NA,"tamRun3-063","S510-N710","1, 2","G",8,"170","hair","06/30/2019","2019","Bees","YBS2","SIMP","M"
"tamRun3-064.fastq","tamRun3-064",16268,11625,4611,32,0.71,0.28,0,"SIMP",0,0,NA,"tamRun3-064","S511-N710","1, 2","H",8,"296","hair","07/07/2019","2019","MI4","LBW","SIMP","M"
"tamRun3-065.fastq","tamRun3-065",111798,60479,3412,47907,0.54,0.03,0.43,"SIMP",0.497326203208556,0.203208556149733,0.473684210526316,"tamRun3-065","S502-N711","1, 2","A",9,"295","hair","07/07/2019","2019","MI4","LPS","SIMP","F"
"tamRun3-066.fastq","tamRun3-066",80826,50042,4504,26280,0.62,0.06,0.33,"LWED",0.47027027027027,0.254054054054054,0.319148936170213,"tamRun3-066","S503-N711","1, 2","B",9,"286","hair","06/23/2019","2019","Bloopers","BLBR2","LWED","M"
"tamRun3-067.fastq","tamRun3-067",13922,13113,769,40,0.94,0.06,0,"SIMP",0,0,NA,"tamRun3-067","S505-N711","1, 2","C",9,"17","hair","06/27/2017","2017","Bees","YBL","SIMP","M"
"tamRun3-068.fastq","tamRun3-068",39506,22968,2482,14056,0.58,0.06,0.36,"SIMP",0.422459893048128,0.155080213903743,0.482758620689655,"tamRun3-068","S506-N711","1, 2","D",9,"219","hair","06/13/2018","2018","IC","GBR2","SIMP","M"
"tamRun3-069.fastq","tamRun3-069",191390,108774,13428,69188,0.57,0.07,0.36,"LWED",0.535135135135135,0.156756756756757,0.551724137931034,"tamRun3-069","S507-N711","1, 2","E",9,"142","hair","06/15/2017","2017","Illest","YBO","LWED","M"
"tamRun3-070.fastq","tamRun3-070",37356,27650,9605,101,0.74,0.26,0,"LWED",0.00540540540540541,0,NA,"tamRun3-070","S508-N711","1, 2","F",9,"XTN (-)","XTN (-)","XTN (-)","XTN (-)","XTN (-)","XTN (-)","XTN (-)","XTN (-)"
"tamRun3-070.fastq","tamRun3-070",37356,28545,8695,116,0.76,0.23,0,"SIMP",0.0053475935828877,0,NA,"tamRun3-070","S508-N711","1, 2","F",9,"XTN (-)","XTN (-)","XTN (-)","XTN (-)","XTN (-)","XTN (-)","XTN (-)","XTN (-)"
"tamRun3-071.fastq","tamRun3-071",219590,143877,12766,62947,0.66,0.06,0.29,"LWED",0.902702702702703,0.394594594594595,0.602739726027397,"tamRun3-071","S510-N711","1, 2","G",9,"180","hair","06/19/2018","2018","Bloopers","BLBBL","LWED","M"
"tamRun3-072.fastq","tamRun3-072",76018,54313,8513,13192,0.71,0.11,0.17,"LWED",0.610810810810811,0.221621621621622,0.24390243902439,"tamRun3-072","S511-N711","1, 2","H",9,"169","hair","06/19/2017","2017","O.Sky","OBR2","LWED","M"
"tamRun3-073.fastq","tamRun3-073",50994,30804,6032,14158,0.6,0.12,0.28,"SIMP",0.620320855614973,0.197860962566845,0.540540540540541,"tamRun3-073","S502-N712","1, 2","A",10,"34","hair","06/22/2019","2019","IC","RPS/RC","SIMP","F"
"tamRun3-074.fastq","tamRun3-074",129094,76202,7947,44945,0.59,0.06,0.35,"SIMP",0.86096256684492,0.27807486631016,0.307692307692308,"tamRun3-074","S503-N712","1, 2","B",10,"24","hair","06/14/2016","2016","IC","GRC/GPO","SIMP","F"
"tamRun3-075.fastq","tamRun3-075",109304,75286,6261,27757,0.69,0.06,0.25,"LWED",0.632432432432432,0.189189189189189,0.514285714285714,"tamRun3-075","S505-N712","1, 2","C",10,"165","hair","06/20/2019","2019","Illest","BLPS2/RC","LWED","F"
"tamRun3-076.fastq","tamRun3-076",102518,58429,3404,40685,0.57,0.03,0.4,"SIMP",0.775401069518717,0.342245989304813,0.4375,"tamRun3-076","S506-N712","1, 2","D",10,"74","hair","06/22/2019","2019","IC","GBY","SIMP","M"
"tamRun3-077.fastq","tamRun3-077",95560,68492,4031,23037,0.72,0.04,0.24,"LWED",0.702702702702703,0.189189189189189,0.457142857142857,"tamRun3-077","S507-N712","1, 2","E",10,"140","hair","06/12/2018","2018","Ghosts","LBW","LWED","M"
"tamRun3-078.fastq","tamRun3-078",27708,18124,3572,6012,0.65,0.13,0.22,"SIMP",0.411764705882353,0.0695187165775401,0.461538461538462,"tamRun3-078","S508-N712","1, 2","F",10,"214","hair","06/24/2017","2017","BritishArmy","WBL","SIMP","M"
"tamRun3-079.fastq","tamRun3-079",26678,17812,2763,6103,0.67,0.1,0.23,"LWED",0.432432432432432,0.113513513513514,0.380952380952381,"tamRun3-079","S510-N712","1, 2","G",10,"216","hair","06/12/2019","2019","AR6","OPO","LWED","F"
"tamRun3-080.fastq","tamRun3-080",9136,6602,2471,63,0.72,0.27,0.01,"SIMP",0.0053475935828877,0,NA,"tamRun3-080","S511-N712","1, 2","H",10,"187","hair","07/05/2019","2019","YoungMoney","YBS3","SIMP","M"
"tamRun3-081.fastq","tamRun3-081",98996,56707,6459,35830,0.57,0.07,0.36,"SIMP",0.502673796791444,0.144385026737968,0.111111111111111,"tamRun3-081","S502-N714","1, 2","A",11,"213","hair","06/24/2017","2017","BritishArmy","WRC","SIMP","F"
"tamRun3-082.fastq","tamRun3-082",135556,87306,3497,44753,0.64,0.03,0.33,"LWED",0.848648648648649,0.297297297297297,0.236363636363636,"tamRun3-082","S503-N714","1, 2","B",11,"281","hair","06/20/2019","2019","Illest","YPO3","LWED","F"
"tamRun3-083.fastq","tamRun3-083",10370,6819,3508,43,0.66,0.34,0,"SIMP",0,0,NA,"tamRun3-083","S505-N714","1, 2","C",11,"282","hair","06/22/2019","2019","IC","GBBL","SIMP","M"
"tamRun3-084.fastq","tamRun3-084",64740,42928,2034,19778,0.66,0.03,0.31,"LWED",0.72972972972973,0.227027027027027,0.452380952380952,"tamRun3-084","S506-N714","1, 2","D",11,"12","hair","06/13/2017","2017","Sun7","YPL/YRC2","LWED","F"
"tamRun3-085.fastq","tamRun3-085",157072,100775,4545,51752,0.64,0.03,0.33,"LWED",0.8,0.297297297297297,0.436363636363636,"tamRun3-085","S507-N714","1, 2","E",11,"185","hair","06/17/2016","2016","WhiteSf","WBY","LWED","M"
"tamRun3-086.fastq","tamRun3-086",111248,64455,3766,43027,0.58,0.03,0.39,"LWED",0.854054054054054,0.313513513513514,0.344827586206897,"tamRun3-086","S508-N714","1, 2","F",11,"205","hair","06/18/2017","2017","StarrySky","SBR2","LWED","M"
"tamRun3-087.fastq","tamRun3-087",21116,15312,5767,37,0.73,0.27,0,"SIMP",0,0,NA,"tamRun3-087","S510-N714","1, 2","G",11,"292","hair","07/01/2019","2019","Ji","RBW","SIMP","M"
"tamRun3-088.fastq","tamRun3-088",53758,35282,7573,10903,0.66,0.14,0.2,"LWED",0.578378378378378,0.2,0.27027027027027,"tamRun3-088","S511-N714","1, 2","H",11,"189","hair","06/18/2019","2019","StarrySky","SBO","LWED","M"
"tamRun3-089.fastq","tamRun3-089",132194,73143,5241,53810,0.55,0.04,0.41,"SIMP",0.828877005347594,0.240641711229947,0.266666666666667,"tamRun3-089","S502-N715","1, 2","A",12,"206","hair","06/28/2017","2017","BritishArmy","WPR","SIMP","F"
"tamRun3-090.fastq","tamRun3-090",316,245,47,24,0.78,0.15,0.08,"LWED",0,0,NA,"tamRun3-090","S503-N715","1, 2","B",12,"179","hair","06/15/2019","2019","Ghosts","LRC3/LPY","LWED","F"
"tamRun3-091.fastq","tamRun3-091",62586,37893,3655,21038,0.61,0.06,0.34,"LWED",0.632432432432432,0.210810810810811,0.205128205128205,"tamRun3-091","S505-N715","1, 2","C",12,"210","hair","06/12/2019","2019","AR6","ORC3","LWED","F"
"tamRun3-092.fastq","tamRun3-092",20406,12749,3143,4514,0.62,0.15,0.22,"SIMP",0.438502673796791,0.160427807486631,0.0333333333333333,"tamRun3-092","S506-N715","1, 2","D",12,"289","hair","06/27/2019","2019","OrangeEmps","OPW2","SIMP","F"
"tamRun3-093.fastq","tamRun3-093",7772,5642,2115,15,0.73,0.27,0,"SIMP",0,0,NA,"tamRun3-093","S507-N715","1, 2","E",12,"192","hair","06/14/2016","2016","IC","GBS","SIMP","M"
"tamRun3-094.fastq","tamRun3-094",5686,4202,1464,20,0.74,0.26,0,"SIMP",0,0,NA,"tamRun3-094","S508-N715","1, 2","F",12,"195","hair","06/22/2019","2019","IC","GBG","SIMP","M"
"tamRun3-095.fastq","tamRun3-095",5682,4043,1625,14,0.71,0.29,0,"SIMP",0,0,NA,"tamRun3-095","S510-N715","1, 2","G",12,"284","hair","06/22/2019","2019","IC","GPO2","SIMP","F"
"tamRun3-096.fastq","tamRun3-096",16292,11741,4099,452,0.72,0.25,0.03,"SIMP",0.0481283422459893,0.0160427807486631,0.333333333333333,"tamRun3-096","S511-N715","1, 2","H",12,"191","hair","06/18/2016","2016","MI4","LPR","SIMP","F"
"tamRun3-097.fastq","tamRun3-097",58728,39957,13314,5457,0.68,0.23,0.09,"SIMP",0.283422459893048,0.112299465240642,0.285714285714286,"tamRun3-097","S502-N716","3, 4","A",1,"172","hair","07/10/2015","2015","MI4","LBS","SIMP","M"
"tamRun3-098.fastq","tamRun3-098",25326,19075,5696,555,0.75,0.22,0.02,"LWED",0.0324324324324324,0.00540540540540541,0,"tamRun3-098","S503-N716","3, 4","B",1,"111","hair","04/24/2011","2011","Jf","RPBL","LWED","F"
"tamRun3-099.fastq","tamRun3-099",73590,45463,7666,20461,0.62,0.1,0.28,"SIMP",0.780748663101604,0.304812834224599,0.263157894736842,"tamRun3-099","S505-N716","3, 4","C",1,"56","hair","20176-07-18","2016","WhiteEmps","SBG","SIMP","M"
"tamRun3-100.fastq","tamRun3-100",27740,18969,6366,2405,0.68,0.23,0.09,"SIMP",0.25668449197861,0.0962566844919786,0.611111111111111,"tamRun3-100","S506-N716","3, 4","D",1,"1","hair","06/17/2013","2013","MI4","GBW","SIMP","M"
"tamRun3-101.fastq","tamRun3-101",35200,24280,10044,876,0.69,0.29,0.02,"LWED",0.118918918918919,0.0324324324324324,0,"tamRun3-101","S507-N716","3, 4","E",1,"131","hair","06/28/2010","2010","WhiteSf","WRC","LWED","F"
"tamRun3-102.fastq","tamRun3-102",113662,67059,8405,38198,0.59,0.07,0.34,"SIMP",0.850267379679144,0.368983957219251,0.405797101449275,"tamRun3-102","S508-N716","3, 4","F",1,"16","hair","07/14/2014","2014","Bees","YBG","SIMP","M"
"tamRun3-103.fastq","tamRun3-103",76432,48784,8905,18743,0.64,0.12,0.25,"LWED",0.6,0.194594594594595,0.166666666666667,"tamRun3-103","S510-N716","3, 4","G",1,"161","hair","06/23/2015","2015","Royals","LBR2","LWED","M"
"tamRun3-104.fastq","tamRun3-104",85620,59533,16854,9233,0.7,0.2,0.11,"LWED",0.254054054054054,0.0864864864864865,0.0625,"tamRun3-104","S511-N716","3, 4","H",1,"141","hair","06/12/2015","2015","Ghosts","LPR","LWED","F"
"tamRun3-105.fastq","tamRun3-105",67104,43814,10123,13167,0.65,0.15,0.2,"SIMP",0.716577540106952,0.213903743315508,0.525,"tamRun3-105","S502-N718","3, 4","A",2,"186","hair","07/18/2016","2016","WhiteEmps","WBR","SIMP","M"
"tamRun3-106.fastq","tamRun3-106",67172,42099,3753,21320,0.63,0.06,0.32,"LWED",0.702702702702703,0.232432432432432,0.627906976744186,"tamRun3-106","S503-N718","3, 4","B",2,"164","hair","06/21/2015","2015","StarrySky","SPL2","LWED","F"
"tamRun3-107.fastq","tamRun3-107",98518,55751,5575,37192,0.57,0.06,0.38,"SIMP",0.775401069518717,0.235294117647059,0.431818181818182,"tamRun3-107","S505-N718","3, 4","C",2,"36","hair","06/28/2016","2016","Ji","RPW","SIMP","F"
"tamRun3-108.fastq","tamRun3-108",101776,63212,5676,32888,0.62,0.06,0.32,"LWED",0.702702702702703,0.227027027027027,0.452380952380952,"tamRun3-108","S506-N718","3, 4","D",2,"37","hair","06/23/2014","2014","WhiteSf","BLBY2","LWED","M"
"tamRun3-109.fastq","tamRun3-109",172110,107154,5481,59475,0.62,0.03,0.35,"LWED",0.837837837837838,0.254054054054054,0.234042553191489,"tamRun3-109","S507-N718","3, 4","E",2,"162","hair","06/23/2015","2015","Royals","LBS2","LWED","M"
"tamRun3-110.fastq","tamRun3-110",35758,26236,9309,213,0.73,0.26,0.01,"SIMP",0.0267379679144385,0,NA,"tamRun3-110","S508-N718","3, 4","F",2,"78","hair","05/05/2011","2011","MI4","LBG","SIMP","M"
"tamRun3-111.fastq","tamRun3-111",26844,19080,7722,42,0.71,0.29,0,"LWED",0.00540540540540541,0,NA,"tamRun3-111","S510-N718","3, 4","G",2,"28","hair","06/18/2014","2014","AR6","OBS","LWED","M"
"tamRun3-112.fastq","tamRun3-112",34486,22881,7224,4381,0.66,0.21,0.13,"SIMP",0.363636363636364,0.0748663101604278,0.214285714285714,"tamRun3-112","S511-N718","3, 4","H",2,"134","hair","06/13/2014","2014","MI4","LBO","SIMP","M"
"tamRun3-113.fastq","tamRun3-113",34856,24337,10497,22,0.7,0.3,0,"LWED",0,0,NA,"tamRun3-113","S502-N719","3, 4","A",3,"69","hair","07/06/2013","2013","AR6","OBO","LWED","M"
"tamRun3-114.fastq","tamRun3-114",49544,34708,8926,5910,0.7,0.18,0.12,"SIMP",0.342245989304813,0.0855614973262032,0.5625,"tamRun3-114","S503-N719","3, 4","B",3,"106","hair","04/19/2011","2011","IC","GBR","SIMP","M"
"tamRun3-115.fastq","tamRun3-115",98148,63069,8870,26209,0.64,0.09,0.27,"LWED",0.724324324324324,0.264864864864865,0.244897959183673,"tamRun3-115","S505-N719","3, 4","C",3,"190","hair","06/23/2016","2016","StarrySky","SBW","LWED","M"
"tamRun3-116.fastq","tamRun3-116",35826,23171,5924,6731,0.65,0.17,0.19,"LWED",0.481081081081081,0.145945945945946,0.296296296296296,"tamRun3-116","S506-N719","3, 4","D",3,"122","hair","05/05/2010","2010","Perro6","BLBW","LWED","M"
"tamRun3-117.fastq","tamRun3-117",25078,19240,5502,336,0.77,0.22,0.01,"SIMP",0.0374331550802139,0.0053475935828877,1,"tamRun3-117","S507-N719","3, 4","E",3,"113","hair","05/05/2011","2011","MI4","LPO","SIMP","F"
"tamRun3-118.fastq","tamRun3-118",51388,32623,5502,13263,0.63,0.11,0.26,"SIMP",0.454545454545455,0.133689839572193,0.36,"tamRun3-118","S508-N719","3, 4","F",3,"168","hair","06/28/2016","2016","Ji","RPY","SIMP","F"
"tamRun3-119.fastq","tamRun3-119",117614,70299,11813,35502,0.6,0.1,0.3,"SIMP",0.748663101604278,0.27807486631016,0.519230769230769,"tamRun3-119","S510-N719","3, 4","G",3,"93","hair","06/24/2012","2012","WhiteEmps","WBS","SIMP","M"
"tamRun3-120.fastq","tamRun3-120",170984,97674,9216,64094,0.57,0.05,0.37,"LWED",0.816216216216216,0.302702702702703,0.339285714285714,"tamRun3-120","S511-N719","3, 4","H",3,"53","hair","06/23/2015","2015","Royals","LPW/LRC2","LWED","F"
"tamRun3-121.fastq","tamRun3-121",41874,26652,6946,8276,0.64,0.17,0.2,"LWED",0.394594594594595,0.0972972972972973,0.722222222222222,"tamRun3-121","S502-N720","3, 4","A",4,"64","hair","08/01/2013","2013","CL3","YBG2","LWED","M"
"tamRun3-122.fastq","tamRun3-122",123086,72034,8144,42908,0.59,0.07,0.35,"LWED",0.675675675675676,0.194594594594595,0.555555555555556,"tamRun3-122","S503-N720","3, 4","B",4,"51","hair","06/23/2015","2015","Royals","LPG/RC","LWED","F"
"tamRun3-123.fastq","tamRun3-123",40558,28826,11699,33,0.71,0.29,0,"LWED",0,0,NA,"tamRun3-123","S505-N720","3.4","C",4,"XTN (-)","XTN (-)","XTN (-)","XTN (-)","XTN (-)","XTN (-)","XTN (-)","XTN (-)"
"tamRun3-123.fastq","tamRun3-123",40558,30265,10250,43,0.75,0.25,0,"SIMP",0,0,NA,"tamRun3-123","S505-N720","3.4","C",4,"XTN (-)","XTN (-)","XTN (-)","XTN (-)","XTN (-)","XTN (-)","XTN (-)","XTN (-)"
"tamRun3-124.fastq","tamRun3-124",89050,50059,5626,33365,0.56,0.06,0.37,"SIMP",0.679144385026738,0.213903743315508,0.5,"tamRun3-124","S506-N720","3, 4","D",4,"160","hair","06/19/2015","2015","OrangeEmps","OPW","SIMP","F"
"tamRun3-125.fastq","tamRun3-125",50376,34721,9566,6089,0.69,0.19,0.12,"SIMP",0.417112299465241,0.0802139037433155,0.6,"tamRun3-125","S507-N720","3, 4","E",4,"87","hair","05/04/2011","2011","DangerousPeople","SPBL","SIMP","F"
"tamRun3-126.fastq","tamRun3-126",26600,19774,6624,202,0.74,0.25,0.01,"LWED",0.0324324324324324,0,NA,"tamRun3-126","S508-N720","3, 4","F",4,"118","hair","12/17/2009","2009","FC","GBW","LWED","M"
"tamRun3-127.fastq","tamRun3-127",125838,73198,8604,44036,0.58,0.07,0.35,"LWED",0.767567567567568,0.340540540540541,0.412698412698413,"tamRun3-127","S510-N720","3, 4","G",4,"58","hair","06/23/2015","2015","Royals","BLBW2","LWED","M"
"tamRun3-128.fastq","tamRun3-128",54130,32674,6485,14971,0.6,0.12,0.28,"SIMP",0.598930481283422,0.229946524064171,0.232558139534884,"tamRun3-128","S511-N720","3, 4","H",4,"188","hair","07/03/2016","2016","Bees","YBW","SIMP","M"
"tamRun3-129.fastq","tamRun3-129",54936,34246,6593,14097,0.62,0.12,0.26,"LWED",0.410810810810811,0.113513513513514,0.428571428571429,"tamRun3-129","S502-N721","3, 4","A",5,"139","hair","06/12/2015","2015","Ghosts","LRC","LWED","F"
"tamRun3-130.fastq","tamRun3-130",47106,31814,6534,8758,0.68,0.14,0.19,"LWED",0.47027027027027,0.151351351351351,0.392857142857143,"tamRun3-130","S503-N721","3, 4","B",5,"45","hair","07/02/2015","2015","O.Sky","SPO","LWED","F"
"tamRun3-131.fastq","tamRun3-131",29468,24048,5193,227,0.82,0.18,0.01,"SIMP",0.0320855614973262,0.0053475935828877,0,"tamRun3-131","S505-N721","3, 4","C",5,"79","hair","06/10/2012","2012","IC","GPS","SIMP","F"
"tamRun3-132.fastq","tamRun3-132",18258,13173,5061,24,0.72,0.28,0,"LWED",0,0,NA,"tamRun3-132","S506-N721","3, 4","D",5,"13","hair","06/24/2013","2013","Sun7","YPO2","LWED","F"
"tamRun3-133.fastq","tamRun3-133",53350,33431,5649,14270,0.63,0.11,0.27,"LWED",0.551351351351351,0.194594594594595,0.333333333333333,"tamRun3-133","S507-N721","3, 4","E",5,"70","hair","07/06/2013","2013","AR6","OBW","LWED","M"
"tamRun3-134.fastq","tamRun3-134",31074,23806,7196,72,0.77,0.23,0,"SIMP",0.0053475935828877,0,NA,"tamRun3-134","S508-N721","3, 4","F",5,"108","hair","04/22/2011","2011","OrangeEmps","OBR","SIMP","M"
"tamRun3-135.fastq","tamRun3-135",53524,31584,1937,20003,0.59,0.04,0.37,"SIMP",0.438502673796791,0.133689839572193,0.16,"tamRun3-135","S510-N721","3, 4","G",5,"92","hair","06/19/2015","2015","OrangeEmps","OPY","SIMP","F"
"tamRun3-136.fastq","tamRun3-136",55280,34350,2756,18174,0.62,0.05,0.33,"SIMP",0.443850267379679,0.203208556149733,0.342105263157895,"tamRun3-136","S511-N721","3, 4","H",5,"167","hair","06/28/2016","2016","Ji","RBG","SIMP","M"
"tamRun3-137.fastq","tamRun3-137",88174,62397,12755,13022,0.71,0.14,0.15,"LWED",0.556756756756757,0.0810810810810811,0.8,"tamRun3-137","S502-N722","3, 4","A",6,"71","hair","06/18/2014","2014","AR6","OPG/ORC2","LWED","F"
"tamRun3-138.fastq","tamRun3-138",67424,41797,3122,22505,0.62,0.05,0.33,"LWED",0.675675675675676,0.297297297297297,0.472727272727273,"tamRun3-138","S503-N722","3, 4","B",6,"14","hair","07/08/2015","2015","Sun7","YRC","LWED","F"
"tamRun3-139.fastq","tamRun3-139",64100,38368,4047,21685,0.6,0.06,0.34,"LWED",0.664864864864865,0.205405405405405,0.473684210526316,"tamRun3-139","S505-N722","3, 4","C",6,"146","hair","07/01/2014","2014","Illest","BLPW","LWED","F"
"tamRun3-140.fastq","tamRun3-140",19498,13282,4119,2097,0.68,0.21,0.11,"LWED",0.135135135135135,0.0162162162162162,0.666666666666667,"tamRun3-140","S506-N722","3, 4","D",6,"147","hair","06/16/2015","2015","Bloopers","BLPR","LWED","F"
"tamRun3-141.fastq","tamRun3-141",41830,27257,7077,7496,0.65,0.17,0.18,"LWED",0.383783783783784,0.0432432432432432,0.75,"tamRun3-141","S507-N722","3, 4","E",6,"6","hair","06/18/2014","2014","AR6","GBW2","LWED","M"
"tamRun3-142.fastq","tamRun3-142",97260,55885,5335,36040,0.57,0.05,0.37,"SIMP",0.679144385026738,0.267379679144385,0.52,"tamRun3-142","S508-N722","3, 4","F",6,"158","hair","06/29/2016","2016","OrangeEmps","OBO","SIMP","M"
"tamRun3-143.fastq","tamRun3-143",82300,51011,8119,23170,0.62,0.1,0.28,"SIMP",0.588235294117647,0.160427807486631,0.766666666666667,"tamRun3-143","S510-N722","3, 4","G",6,"18","hair","06/28/2013","2013","Bees","YBO","SIMP","M"
"tamRun3-144.fastq","tamRun3-144",82258,48204,4461,29593,0.59,0.05,0.36,"LWED",0.610810810810811,0.194594594594595,0.277777777777778,"tamRun3-144","S511-N722","3, 4","H",6,"163","hair","06/23/2015","2015","Royals","LBY2","LWED","M"
"tamRun3-145.fastq","tamRun3-145",115332,76189,27253,11890,0.66,0.24,0.1,"LWED",0.389189189189189,0.0756756756756757,0.5,"tamRun3-145","S502-N723","3, 4","A",7,"86","hair","06/16/2012","2012","WhiteSf","WPY","LWED","F"
"tamRun3-146.fastq","tamRun3-146",183026,116283,10061,56682,0.64,0.05,0.31,"LWED",0.837837837837838,0.291891891891892,0.425925925925926,"tamRun3-146","S503-N723","3, 4","B",7,"61","hair","07/03/2014","2014","Bloopers","BLPBL2","LWED","F"
"tamRun3-147.fastq","tamRun3-147",63656,46868,2603,14185,0.74,0.04,0.22,"LWED",0.264864864864865,0.0810810810810811,0.466666666666667,"tamRun3-147","S505-N723","3, 4","C",7,"8","hair","07/08/2015","2015","Sun7","YBG","LWED","M"
"tamRun3-148.fastq","tamRun3-148",61166,39909,5454,15803,0.65,0.09,0.26,"LWED",0.643243243243243,0.216216216216216,0.4,"tamRun3-148","S506-N723","3, 4","D",7,"117","hair","12/17/2009","2009","FC","GPG","LWED","F"
"tamRun3-149.fastq","tamRun3-149",74866,49116,11947,13803,0.66,0.16,0.18,"LWED",0.589189189189189,0.183783783783784,0.441176470588235,"tamRun3-149","S507-N723","3, 4","E",7,"100","hair","12/17/2009","2009","FC","GBR","LWED","M"
"tamRun3-150.fastq","tamRun3-150",74890,49391,12876,12623,0.66,0.17,0.17,"LWED",0.697297297297297,0.259459459459459,0.3125,"tamRun3-150","S508-N723","3, 4","F",7,"41","hair","06/23/2014","2014","WhiteSf","WPO/WRC","LWED","F"
"tamRun3-151.fastq","tamRun3-151",20610,16814,3770,26,0.82,0.18,0,"LWED",0,0,NA,"tamRun3-151","S510-N723","3, 4","G",7,"85","hair","06/16/2012","2012","WhiteSf","WPS","LWED","F"
"tamRun3-152.fastq","tamRun3-152",59010,40158,9677,9175,0.68,0.16,0.16,"LWED",0.454054054054054,0.151351351351351,0.5,"tamRun3-152","S511-N723","3, 4","H",7,"11","hair","06/24/2013","2013","Sun7","YBW","LWED","M"
"tamRun3-153.fastq","tamRun3-153",91078,58993,16425,15660,0.65,0.18,0.17,"SIMP",0.422459893048128,0.133689839572193,0.56,"tamRun3-153","S502-N724","3, 4","A",8,"20","hair","06/28/2013","2013","Bees","YBS","SIMP","M"
"tamRun3-154.fastq","tamRun3-154",51734,38854,12794,86,0.75,0.25,0,"SIMP",0.0053475935828877,0,NA,"tamRun3-154","S503-N724","3, 4","B",8,"104","hair","04/18/2011","2011","Loners","RPL","SIMP","F"
"tamRun3-155.fastq","tamRun3-155",95892,56735,8337,30820,0.59,0.09,0.32,"SIMP",0.620320855614973,0.267379679144385,0.64,"tamRun3-155","S505-N724","3, 4","C",8,"89","hair","05/04/2011","2011","DangerousPeople","SPO","SIMP","F"
"tamRun3-156.fastq","tamRun3-156",43254,30507,6250,6497,0.71,0.14,0.15,"SIMP",0.347593582887701,0.106951871657754,0.4,"tamRun3-156","S506-N724","3, 4","D",8,"80","hair","07/06/2014","2014","Ji","RPBL","SIMP","F"
"tamRun3-157.fastq","tamRun3-157",56196,35877,5004,15315,0.64,0.09,0.27,"LWED",0.632432432432432,0.205405405405405,0.447368421052632,"tamRun3-157","S507-N724","3, 4","E",8,"62","hair","06/25/2015","2015","Illest","BLBR","LWED","M"
"tamRun3-158.fastq","tamRun3-158",88808,54202,7923,26683,0.61,0.09,0.3,"SIMP",0.732620320855615,0.315508021390374,0.542372881355932,"tamRun3-158","S508-N724","3, 4","F",8,"149","hair","07/06/2015","2015","Bees","YPBL","SIMP","F"
"tamRun3-159.fastq","tamRun3-159",53422,36286,12247,4889,0.68,0.23,0.09,"LWED",0.356756756756757,0.0648648648648649,0.666666666666667,"tamRun3-159","S510-N724","3, 4","G",8,"137","hair","06/23/2014","2014","WhiteSf","WBW","LWED","M"
"tamRun3-160.fastq","tamRun3-160",68822,43737,14270,10815,0.64,0.21,0.16,"LWED",0.524324324324324,0.145945945945946,0.481481481481481,"tamRun3-160","S511-N724","3, 4","H",8,"50","hair","07/12/2014","2014","Loners","LPBL","LWED","F"
"tamRun3-161.fastq","tamRun3-161",56470,41045,14414,1011,0.73,0.26,0.02,"SIMP",0.0641711229946524,0,NA,"tamRun3-161","S502-N726","3, 4","A",9,"114","hair","05/05/2011","2011","MI4","LPW","SIMP","F"
"tamRun3-162.fastq","tamRun3-162",53860,38424,15131,305,0.71,0.28,0.01,"LWED",0.0108108108108108,0,NA,"tamRun3-162","S503-N726","3, 4","B",9,"75","hair","06/08/2012","2012","FC","GPL","LWED","F"
"tamRun3-163.fastq","tamRun3-163",70628,45944,4747,19937,0.65,0.07,0.28,"LWED",0.686486486486486,0.243243243243243,0.511111111111111,"tamRun3-163","S505-N726","3, 4","C",9,"65","hair","08/01/2013","2013","CL3","YBR2","LWED","M"
"tamRun3-164.fastq","tamRun3-164",29972,21797,7881,294,0.73,0.26,0.01,"LWED",0.0432432432432432,0,NA,"tamRun3-164","S506-N726","3, 4","D",9,"101","hair","04/16/2011","2011","FC","GPO","LWED","F"
"tamRun3-165.fastq","tamRun3-165",83182,51442,8811,22929,0.62,0.11,0.28,"SIMP",0.770053475935829,0.229946524064171,0.558139534883721,"tamRun3-165","S507-N726","3, 4","E",9,"73","hair","06/30/2016","2016","IC","GPG","SIMP","F"
"tamRun3-166.fastq","tamRun3-166",45524,34706,10792,26,0.76,0.24,0,"SIMP",0,0,NA,"tamRun3-166","S508-N726","3, 4","F",9,"XTN (-)","XTN (-)","XTN (-)","XTN (-)","XTN (-)","XTN (-)","XTN (-)","XTN (-)"
"tamRun3-166.fastq","tamRun3-166",45524,32773,12710,41,0.72,0.28,0,"LWED",0.00540540540540541,0,NA,"tamRun3-166","S508-N726","3, 4","F",9,"XTN (-)","XTN (-)","XTN (-)","XTN (-)","XTN (-)","XTN (-)","XTN (-)","XTN (-)"
"tamRun3-167.fastq","tamRun3-167",107536,68696,15220,23620,0.64,0.14,0.22,"SIMP",0.647058823529412,0.144385026737968,0.703703703703704,"tamRun3-167","S510-N726","3, 4","G",9,"148","hair","07/03/2015","2015","Ji","RBR2","SIMP","M"
"tamRun3-168.fastq","tamRun3-168",98802,64394,16597,17811,0.65,0.17,0.18,"LWED",0.67027027027027,0.183783783783784,0.441176470588235,"tamRun3-168","S511-N726","3, 4","H",9,"60","hair","06/23/2015","2015","Royals","BLBL","LWED","M"
"tamRun3-169.fastq","tamRun3-169",41796,29388,12378,30,0.7,0.3,0,"LWED",0,0,NA,"tamRun3-169","S502-N727","3, 4","A",10,"46","hair","07/15/2013","2013","Royals","LBO","LWED","M"
"tamRun3-170.fastq","tamRun3-170",52356,38612,13714,30,0.74,0.26,0,"LWED",0,0,NA,"tamRun3-170","S503-N727","3, 4","B",10,"145","hair","07/01/2014","2014","Illest","BLPG","LWED","F"
"tamRun3-171.fastq","tamRun3-171",118060,78118,3343,36599,0.66,0.03,0.31,"LWED",0.740540540540541,0.308108108108108,0.43859649122807,"tamRun3-171","S505-N727","3, 4","C",10,"136","hair","06/08/2019","2019","WhiteSf","WBO","LWED","M"
"tamRun3-172.fastq","tamRun3-172",112236,72498,2529,37209,0.65,0.02,0.33,"LWED",0.708108108108108,0.313513513513514,0.293103448275862,"tamRun3-172","S506-N727","3, 4","D",10,"202","hair","06/08/2019","2019","WhiteSf","BLPG2","LWED","F"
"tamRun3-173.fastq","tamRun3-173",121122,80312,2643,38167,0.66,0.02,0.32,"LWED",0.697297297297297,0.243243243243243,0.311111111111111,"tamRun3-173","S507-N727","3, 4","E",10,"270","hair","06/08/2019","2019","WhiteSf","WPW","LWED","F"
"tamRun3-174.fastq","tamRun3-174",139548,95282,3371,40895,0.68,0.02,0.29,"LWED",0.72972972972973,0.221621621621622,0.365853658536585,"tamRun3-174","S508-N727","3, 4","F",10,"204","hair","06/10/2019","2019","O.Sky","OPBL2/ORC","LWED","F"
"tamRun3-175.fastq","tamRun3-175",78046,51594,7272,19180,0.66,0.09,0.25,"LWED",0.67027027027027,0.27027027027027,0.36,"tamRun3-175","S510-N727","3, 4","G",10,"271","hair","06/09/2019","2019","Sun7","YPBL2","LWED","F"
"tamRun3-176.fastq","tamRun3-176",38518,27368,8651,2499,0.71,0.22,0.06,"LWED",0.248648648648649,0.0378378378378378,0.428571428571429,"tamRun3-176","S511-N727","3, 4","H",10,"171","hair","06/09/2019","2019","Sun7","YBY2","LWED","M"
"tamRun3-177.fastq","tamRun3-177",60764,39964,9452,11348,0.66,0.16,0.19,"LWED",0.572972972972973,0.172972972972973,0.625,"tamRun3-177","S502-N728","3, 4","A",11,"10","hair","06/09/2019","2019","Sun7","YBS","LWED","M"
"tamRun3-178.fastq","tamRun3-178",45926,31529,7427,6970,0.69,0.16,0.15,"LWED",0.454054054054054,0.0918918918918919,0.235294117647059,"tamRun3-178","S503-N728","3, 4","B",11,"197","hair","06/09/2019","2019","Sun7","YBW2","LWED","M"
"tamRun3-179.fastq","tamRun3-179",34956,26878,7283,795,0.77,0.21,0.02,"LWED",0.0378378378378378,0,NA,"tamRun3-179","S505-N728","3, 4","C",11,"272","hair","06/09/2019","2019","Sun7","YRC3","LWED","F"
"tamRun3-180.fastq","tamRun3-180",40604,25160,1564,13880,0.62,0.04,0.34,"LWED",0.594594594594595,0.259459459459459,0.395833333333333,"tamRun3-180","S506-N728","3, 4","D",11,"274","hair","06/10/2019","2019","O.Sky","OPR","LWED","F"
"tamRun3-181.fastq","tamRun3-181",8250,7438,798,14,0.9,0.1,0,"LWED",0,0,NA,"tamRun3-181","S507-N728","3, 4","E",11,"138","hair","06/15/2019","2019","Ghosts","LBG","LWED","M"
"tamRun3-182.fastq","tamRun3-182",45256,30291,7173,7792,0.67,0.16,0.17,"SIMP",0.459893048128342,0.144385026737968,0.296296296296296,"tamRun3-182","S508-N728","3, 4","F",11,"2","hair","06/25/2019","2019","MI4","LPL-LRC","SIMP","F"
"tamRun3-183.fastq","tamRun3-183",22004,16193,5729,82,0.74,0.26,0,"SIMP",0.0053475935828877,0.0053475935828877,1,"tamRun3-183","S510-N728","3, 4","G",11,"287","hair","06/25/2019","2019","MI4","LBO2","SIMP","M"
"tamRun3-184.fastq","tamRun3-184",41688,31881,9787,20,0.76,0.23,0,"SIMP",0,0,NA,"tamRun3-184","S511-N728","3, 4","H",11,"230","hair","06/25/2019","2019","MI4","LPG","SIMP","F"
"tamRun3-185.fastq","tamRun3-185",118400,77185,9848,31367,0.65,0.08,0.26,"SIMP",0.60427807486631,0.122994652406417,0.739130434782609,"tamRun3-185","S502-N729","3, 4","A",12,"15","hair","06/30/2019","2019","Bees","SRC/SPS","SIMP","F"
"tamRun3-186.fastq","tamRun3-186",198296,129024,3902,65370,0.65,0.02,0.33,"LWED",0.772972972972973,0.286486486486487,0.433962264150943,"tamRun3-186","S503-N729","3, 4","B",12,"98","hair","07/06/2013","2013","AR6","OBG","LWED","M"
"tamRun3-187.fastq","tamRun3-187",100474,71212,10595,18667,0.71,0.11,0.19,"LWED",0.416216216216216,0.0540540540540541,0.4,"tamRun3-187","S505-N729","3, 4","C",12,"76","hair","11/18/2009","2009","FC","GRC","LWED","F"
"tamRun3-188.fastq","tamRun3-188",17732,13967,3743,22,0.79,0.21,0,"LWED",0,0,NA,"tamRun3-188","S506-N729","3, 4","D",12,"7","hair","06/18/2013","2013","FC","GPBL/GRC","LWED","F"
"tamRun3-189.fastq","tamRun3-189",30034,21793,6869,1372,0.73,0.23,0.05,"LWED",0.178378378378378,0.0378378378378378,0.285714285714286,"tamRun3-189","S507-N729","3, 4","E",12,"201","hair","06/12/2019","2019","AR6","OBG2","LWED","M"
"tamRun3-190.fastq","tamRun3-190",51040,39869,7691,3480,0.78,0.15,0.07,"LWED",0.140540540540541,0.0108108108108108,0.5,"tamRun3-190","S508-N729","3, 4","F",12,"276","hair","06/15/2019","2019","Ghosts","LPG2","LWED","F"
"tamRun3-191.fastq","tamRun3-191",70510,48391,5819,16300,0.69,0.08,0.23,"LWED",0.562162162162162,0.145945945945946,0.518518518518518,"tamRun3-191","S510-N729","3, 4","G",12,"222","hair","06/15/2019","2019","Ghosts","LBBL","LWED","M"
"tamRun3-192.fastq","tamRun3-192",33646,20318,4233,9095,0.6,0.13,0.27,"LWED",0.421621621621622,0.113513513513514,0.714285714285714,"tamRun3-192","S511-N729","3, 4","H",12,"224","hair","06/15/2019","2019","Ghosts","LBO2","LWED","M"
"tamRun3-193.fastq","tamRun3-193",55756,38633,10601,6522,0.69,0.19,0.12,"LWED",0.459459459459459,0.12972972972973,0.0833333333333333,"tamRun3-193","S513-N701","5","A",1,"223","hair","06/15/2019","2019","Ghosts","LPS","LWED","F"
"tamRun3-194.fastq","tamRun3-194",53204,37083,9518,6603,0.7,0.18,0.12,"SIMP",0.486631016042781,0.18716577540107,0.171428571428571,"tamRun3-194","S515-N701","5","B",1,"159","hair","06/27/2019","2019","OrangeEmps","OBS","SIMP","M"
"tamRun3-195.fastq","tamRun3-195",50916,36687,8542,5687,0.72,0.17,0.11,"SIMP",0.32620320855615,0.0909090909090909,0.0588235294117647,"tamRun3-195","S516-N701","5","C",1,"21","hair","06/30/2019","2019","Bees","YBY","SIMP","M"
"tamRun3-196.fastq","tamRun3-196",6504,3747,374,2383,0.58,0.06,0.37,"SIMP",0.427807486631016,0.155080213903743,0,"tamRun3-196","S517-N701","5","D",1,"32","hair","06/29/2019","2019","Ji","RBL","SIMP","M"
"tamRun3-197.fastq","tamRun3-197",53872,38305,15500,67,0.71,0.29,0,"LWED",0.00540540540540541,0,NA,"tamRun3-197","S518-N701","5","E",1,"90","hair","05/07/2010","2010","AR6","OPBL","LWED","F"
"tamRun3-198.fastq","tamRun3-198",8622,5013,478,3131,0.58,0.06,0.36,"LWED",0.443243243243243,0.227027027027027,0.333333333333333,"tamRun3-198","S520-N701","5","F",1,"95","hair","03/25/2010","2010","Jf","RBG","LWED","M"
"tamRun3-199.fastq","tamRun3-199",53840,35086,12407,6347,0.65,0.23,0.12,"LWED",0.259459459459459,0.0216216216216216,0.5,"tamRun3-199","S521-N701","5","G",1,"96","hair","03/25/2010","2010","Jf","RBY","LWED","M"
"tamRun3-200.fastq","tamRun3-200",37474,26821,10638,15,0.72,0.28,0,"LWED",0,0,NA,"tamRun3-200","S522-N701","5","H",1,"30","hair","04/24/2011","2011","Jf","RPG","LWED","F"
"tamRun3-201.fastq","tamRun3-201",78570,54389,23593,588,0.69,0.3,0.01,"LWED",0.0432432432432432,0.00540540540540541,1,"tamRun3-201","S513-N702","5","A",2,"105","hair","04/18/2011","2011","Jf","RPO","LWED","F"
"tamRun3-202.fastq","tamRun3-202",47776,33394,14330,52,0.7,0.3,0,"LWED",0.00540540540540541,0,NA,"tamRun3-202","S515-N702","5","B",2,"43","hair","07/14/2013","2013","Skywalkers","SBR","LWED","M"
"tamRun3-203.fastq","tamRun3-203",43538,30566,12932,40,0.7,0.3,0,"LWED",0.0108108108108108,0,NA,"tamRun3-203","S516-N702","5","C",2,"44","hair","07/14/2013","2013","Skywalkers","SBY","LWED","M"
"tamRun3-204.fastq","tamRun3-204",23784,16781,6999,4,0.71,0.29,0,"LWED",0,0,NA,"tamRun3-204","S517-N702","5","D",2,"82","hair","07/21/2010","2010","WBBL","WBBL","LWED","M"
"tamRun3-205.fastq","tamRun3-205",22314,15779,6526,9,0.71,0.29,0,"LWED",0,0,NA,"tamRun3-205","S518-N702","5","E",2,"83","hair","06/28/2010","2010","WhiteSf","WBG","LWED","M"
"tamRun3-206.fastq","tamRun3-206",21070,15099,5965,6,0.72,0.28,0,"LWED",0,0,NA,"tamRun3-206","S520-N702","5","F",2,"39","hair","07/13/2013","2013","WhiteSf","WBL","LWED","M"
"tamRun3-207.fastq","tamRun3-207",28618,20080,8512,26,0.7,0.3,0,"LWED",0.00540540540540541,0,NA,"tamRun3-207","S521-N702","5","G",2,"84","hair","07/21/2010","2010","WBR","WBR","LWED","M"
"tamRun3-208.fastq","tamRun3-208",19942,14053,5754,135,0.7,0.29,0.01,"LWED",0.0216216216216216,0,NA,"tamRun3-208","S522-N702","5","H",2,"40","hair","07/13/2013","2013","WhiteSf","WBS","LWED","M"
"tamRun3-209.fastq","tamRun3-209",64816,45065,19593,158,0.7,0.3,0,"LWED",0.0108108108108108,0,NA,"tamRun3-209","S513-N703","5","A",3,"119","hair","12/22/2009","2009","Loners","BBO","LWED","M"
"tamRun3-210.fastq","tamRun3-210",35944,24901,10988,55,0.69,0.31,0,"LWED",0.0108108108108108,0,NA,"tamRun3-210","S515-N703","5","B",3,"128","hair","05/07/2010","2010","AR6","OPW","LWED","F"
"tamRun3-211.fastq","tamRun3-211",45990,31961,13682,347,0.69,0.3,0.01,"LWED",0.0108108108108108,0,NA,"tamRun3-211","S516-N703","5","C",3,"129","hair","05/07/2010","2010","AR6","OPY","LWED","F"
"tamRun3-212.fastq","tamRun3-212",39544,27207,12145,192,0.69,0.31,0,"LWED",0.0108108108108108,0,NA,"tamRun3-212","S517-N703","5","D",3,"127","hair","05/07/2010","2010","AR6","OBR","LWED","M"
"tamRun3-213.fastq","tamRun3-213",47306,32775,14503,28,0.69,0.31,0,"LWED",0.00540540540540541,0,NA,"tamRun3-213","S518-N703","5","E",3,"121","hair","03/25/2010","2010","Jf","RRC","LWED","F"
"tamRun3-214.fastq","tamRun3-214",57072,40138,14830,2104,0.7,0.26,0.04,"LWED",0.264864864864865,0.0810810810810811,0.2,"tamRun3-214","S520-N703","5","F",3,"120","hair","03/25/2010","2010","Jf","RPBL","LWED","F"
"tamRun3-215.fastq","tamRun3-215",57620,40120,17479,21,0.7,0.3,0,"LWED",0,0,NA,"tamRun3-215","S521-N703","5","G",3,"115","hair","05/05/2010","2010","Perro6","RCBL","LWED","F"
"tamRun3-216.fastq","tamRun3-216",152452,117260,11462,23730,0.77,0.08,0.16,"LWED",0.621621621621622,0.421621621621622,0.487179487179487,"tamRun3-216","S522-N703","5","H",3,"124","hair","05/10/2010","2010","Perro6","BLBY","LWED","M"
"tamRun3-217.fastq","tamRun3-217",68262,47579,20337,346,0.7,0.3,0.01,"LWED",0.0324324324324324,0,NA,"tamRun3-217","S513-N704","5","A",4,"123","hair","05/05/2010","2010","Perro6","BLPBL","LWED","F"
"tamRun3-218.fastq","tamRun3-218",41990,29871,12101,18,0.71,0.29,0,"LWED",0,0,NA,"tamRun3-218","S515-N704","5","B",4,"59","hair","07/29/2013","2013","Bloopers","BLBY3","LWED","M"
"tamRun3-219.fastq","tamRun3-219",52876,36275,9744,6857,0.69,0.18,0.13,"SIMP",0.454545454545455,0.106951871657754,0.45,"tamRun3-219","S516-N704","5","C",4,"PCR1 (-)","PCR1 (-)","PCR1 (-)","PCR1 (-)","PCR1 (-)","PCR1 (-)","PCR1 (-)","PCR1 (-)"
"tamRun3-219.fastq","tamRun3-219",52876,36138,10476,6262,0.68,0.2,0.12,"LWED",0.437837837837838,0.124324324324324,0.434782608695652,"tamRun3-219","S516-N704","5","C",4,"PCR1 (-)","PCR1 (-)","PCR1 (-)","PCR1 (-)","PCR1 (-)","PCR1 (-)","PCR1 (-)","PCR1 (-)"
"tamRun3-220.fastq","tamRun3-220",29848,21147,8693,8,0.71,0.29,0,"LWED",0,0,NA,"tamRun3-220","S517-N704","5","D",4,"5","hair","06/18/2013","2013","FC","GBR2","LWED","M"
"tamRun3-221.fastq","tamRun3-221",36932,26683,10233,16,0.72,0.28,0,"LWED",0,0,NA,"tamRun3-221","S518-N704","5","E",4,"116","hair","11/21/2009","2009","FC","GBY","LWED","M"
"tamRun3-222.fastq","tamRun3-222",58734,41639,17014,81,0.71,0.29,0,"LWED",0.00540540540540541,0,NA,"tamRun3-222","S520-N704","5","F",4,"47","hair","07/15/2013","2013","Royals","LBR","LWED","M"
"tamRun3-223.fastq","tamRun3-223",51820,36351,15270,199,0.7,0.29,0,"LWED",0.00540540540540541,0,NA,"tamRun3-223","S521-N704","5","G",4,"48","hair","07/15/2013","2013","Royals","LBS","LWED","M"
"tamRun3-224.fastq","tamRun3-224",41772,30292,4679,6801,0.73,0.11,0.16,"LWED",0.383783783783784,0.151351351351351,0.25,"tamRun3-224","S522-N704","5","H",4,"52","hair","07/15/2013","2013","Royals","LPL","LWED","F"
"tamRun3-225.fastq","tamRun3-225",105592,74565,30990,37,0.71,0.29,0,"LWED",0,0,NA,"tamRun3-225","S513-N705","5","A",5,"125","hair","05/05/2010","2010","Perro6","P6T1","LWED","M"
"tamRun3-226.fastq","tamRun3-226",48880,34267,14556,57,0.7,0.3,0,"LWED",0.0108108108108108,0,NA,"tamRun3-226","S515-N705","5","B",5,"126","hair","05/05/2010","2010","Perro6","P6T2","LWED","M"
"tamRun3-227.fastq","tamRun3-227",63502,44555,18166,781,0.7,0.29,0.01,"SIMP",0.0374331550802139,0,NA,"tamRun3-227","S516-N705","5","C",5,"3","hair","06/17/2013","2013","MI4","LRC","SIMP","F"
"tamRun3-228.fastq","tamRun3-228",72654,51324,21297,33,0.71,0.29,0,"SIMP",0,0,NA,"tamRun3-228","S517-N705","5","D",5,"109","hair","04/22/2011","2011","OrangeEmps","OPBL","SIMP","F"
"tamRun3-229.fastq","tamRun3-229",46452,33892,12532,28,0.73,0.27,0,"SIMP",0,0,NA,"tamRun3-229","S518-N705","5","E",5,"110","hair","04/22/2011","2011","OrangeEmps","OPG","SIMP","F"
"tamRun3-230.fastq","tamRun3-230",34546,25384,9115,47,0.73,0.26,0,"SIMP",0,0,NA,"tamRun3-230","S520-N705","5","F",5,"68","hair","07/10/2013","2013","Ji","RBBL","SIMP","M"
"tamRun3-231.fastq","tamRun3-231",15248,10740,3688,820,0.7,0.24,0.05,"SIMP",0.133689839572193,0.0588235294117647,0.0909090909090909,"tamRun3-231","S521-N705","5","G",5,"81","hair","04/17/2011","2011","Ji","RBO","SIMP","M"
"tamRun3-232.fastq","tamRun3-232",35818,22157,2401,11260,0.62,0.07,0.31,"SIMP",0.491978609625668,0.197860962566845,0.243243243243243,"tamRun3-232","S522-N705","5","H",5,"103","hair","04/17/2011","2011","Ji","RBR","SIMP","M"
"tamRun3-233.fastq","tamRun3-233",25074,18024,5828,1222,0.72,0.23,0.05,"SIMP",0.165775401069519,0.0588235294117647,0,"tamRun3-233","S513-N706","5","A",6,"35","hair","07/10/2013","2013","Ji","RBY","SIMP","M"
"tamRun3-234.fastq","tamRun3-234",37234,26621,10569,44,0.71,0.28,0,"SIMP",0.0053475935828877,0,NA,"tamRun3-234","S515-N706","5","B",6,"112","hair","05/04/2011","2011","DangerousPeople","SBY","SIMP","M"
"tamRun3-235.fastq","tamRun3-235",41964,28935,12839,190,0.69,0.31,0,"SIMP",0.0106951871657754,0,NA,"tamRun3-235","S516-N706","5","C",6,"102","hair","04/17/2011","2011","Ji","4MT2","SIMP","M"
"tamRun3-236.fastq","tamRun3-236",17320,12343,4945,32,0.71,0.29,0,"LWED",0.00540540540540541,0,NA,"tamRun3-236","S517-N706","5","D",6,"67","hair","08/01/2013","2013","CL3","YPS","LWED","F"
"tamRun3-237.fastq","tamRun3-237",26930,19488,2650,4792,0.72,0.1,0.18,"LWED",0.389189189189189,0.118918918918919,0.227272727272727,"tamRun3-237","S518-N706","5","E",6,"66","hair","08/01/2013","2013","CL3","YPO","LWED","F"
"tamRun3-238.fastq","tamRun3-238",15308,10999,4246,63,0.72,0.28,0,"LWED",0.0108108108108108,0,NA,"tamRun3-238","S520-N706","5","F",6,"97","hair","07/06/2012","2012","Bloopers","BLPS","LWED","F"
"tamRun3-239.fastq","tamRun3-239",26340,16973,7062,2305,0.64,0.27,0.09,"LWED",0.0972972972972973,0.00540540540540541,0,"tamRun3-239","S521-N706","5","G",6,"130","hair","06/22/2010","2010","Angels","YPG","LWED","F"
"tamRun3-240.fastq","tamRun3-240",52442,30766,4506,17170,0.59,0.09,0.33,"LWED",0.518918918918919,0.172972972972973,0.625,"tamRun3-240","S522-N706","5","H",6,"94","hair","06/25/2012","2012","CL3","YBY","LWED","M"
"tamRun3-241.fastq","tamRun3-241",55162,36301,4115,14746,0.66,0.07,0.27,"LWED",0.87027027027027,0.459459459459459,0.376470588235294,"tamRun3-241","S513-N707","6","A",1,"27","blood","06/12/2019","2019","AR6","OBL","LWED","M"
"tamRun3-242.fastq","tamRun3-242",40092,26695,2474,10923,0.67,0.06,0.27,"LWED",0.827027027027027,0.291891891891892,0.0740740740740741,"tamRun3-242","S515-N707","6","B",1,"216","blood","06/12/2019","2019","AR6","OPO","LWED","F"
"tamRun3-243.fastq","tamRun3-243",4004,2882,342,780,0.72,0.09,0.19,"LWED",0.12972972972973,0.0486486486486487,0.111111111111111,"tamRun3-243","S516-N707","6","C",1,"13","blood","06/24/2013","2013","Sun7","YPO2","LWED","F"
"tamRun3-244.fastq","tamRun3-244",1562,1097,218,247,0.7,0.14,0.16,"SIMP",0.0267379679144385,0.0213903743315508,0.5,"tamRun3-244","S517-N707","6","D",1,"187","blood","07/05/2019","2019","YoungMoney","YBS3","SIMP","M"
"tamRun3-245.fastq","tamRun3-245",5950,4268,363,1319,0.72,0.06,0.22,"LWED",0.216216216216216,0.124324324324324,0.260869565217391,"tamRun3-245","S518-N707","6","E",1,"285","blood","06/23/2019","2019","Bloopers","BLBO","LWED","M"
"tamRun3-246.fastq","tamRun3-246",102106,60746,4733,36627,0.59,0.05,0.36,"SIMP",0.513368983957219,0.240641711229947,0.266666666666667,"tamRun3-246","S520-N707","6","F",1,"55","blood","06/07/2018","2018","BritishArmy","WBW","SIMP","M"
"tamRun3-247.fastq","tamRun3-247",184234,145025,2064,37145,0.79,0.01,0.2,"LWED",0.318918918918919,0.0972972972972973,0.277777777777778,"tamRun3-247","S521-N707","6","G",1,"165","blood","06/20/2019","2019","Illest","BLPS2/RC","LWED","F"
"tamRun3-248.fastq","tamRun3-248",155702,87953,2943,64806,0.56,0.02,0.42,"SIMP",0.475935828877005,0.171122994652406,0.125,"tamRun3-248","S522-N707","6","H",1,"91","blood","06/15/2017","2017","OrangeEmps","OPL/ORC","SIMP","F"
"tamRun3-249.fastq","tamRun3-249",140748,111113,1589,28046,0.79,0.01,0.2,"LWED",0.324324324324324,0.135135135135135,0.52,"tamRun3-249","S513-N710","6","A",2,"203","blood","06/19/2018","2018","Bloopers","BLBW3","LWED","M"
"tamRun3-250.fastq","tamRun3-250",167336,130536,1285,35515,0.78,0.01,0.21,"LWED",0.340540540540541,0.113513513513514,0.285714285714286,"tamRun3-250","S515-N710","6","B",2,"10","blood","06/09/2019","2019","Sun7","YBS","LWED","M"
"tamRun3-251.fastq","tamRun3-251",29256,22858,280,6118,0.78,0.01,0.21,"LWED",0.178378378378378,0.0702702702702703,0.538461538461538,"tamRun3-251","S516-N710","6","C",2,"179","blood","06/15/2019","2019","Ghosts","LRC3/LPY","LWED","F"
"tamRun3-252.fastq","tamRun3-252",12576,9096,670,2810,0.72,0.05,0.22,"LWED",0.302702702702703,0.151351351351351,0.285714285714286,"tamRun3-252","S517-N710","6","D",2,"47","blood","07/15/2013","2013","Royals","LBR","LWED","M"
"tamRun3-253.fastq","tamRun3-253",18388,13209,918,4261,0.72,0.05,0.23,"LWED",0.443243243243243,0.189189189189189,0.142857142857143,"tamRun3-253","S518-N710","6","E",2,"273","blood","06/10/2019","2019","O.Sky","OPBL3","LWED","F"
"tamRun3-254.fastq","tamRun3-254",19234,11506,1027,6701,0.6,0.05,0.35,"SIMP",0.60427807486631,0.294117647058824,0.327272727272727,"tamRun3-254","S520-N710","6","F",2,"182","blood","07/01/2019","2019","Ji","RPO","SIMP","F"
"tamRun3-255.fastq","tamRun3-255",5754,3522,496,1736,0.61,0.09,0.3,"SIMP",0.224598930481283,0.101604278074866,0.157894736842105,"tamRun3-255","S521-N710","6","G",2,"292","blood","07/01/2019","2019","Ji","RBW","SIMP","M"
"tamRun3-256.fastq","tamRun3-256",1466,1014,359,93,0.69,0.24,0.06,"LWED",0,0,NA,"tamRun3-256","S522-N710","6","H",2,"26","blood","06/10/2019","2019","O.Sky","OBY","LWED","M"
"tamRun3-257.fastq","tamRun3-257",27792,19446,2333,6013,0.7,0.08,0.22,"LWED",0.627027027027027,0.275675675675676,0.294117647058824,"tamRun3-257","S513-N711","6","A",3,"145","blood","07/01/2014","2014","Illest","BLPG","LWED","F"
"tamRun3-258.fastq","tamRun3-258",13188,8784,1362,3042,0.67,0.1,0.23,"SIMP",0.572192513368984,0.27807486631016,0.269230769230769,"tamRun3-258","S515-N711","6","B",3,"290","blood","06/30/2019","2019","Bees","YPBL2","SIMP","F"
"tamRun3-259.fastq","tamRun3-259",39208,23406,2516,13286,0.6,0.06,0.34,"SIMP",0.684491978609626,0.368983957219251,0.304347826086957,"tamRun3-259","S516-N711","6","C",3,"219","blood","06/13/2018","2018","IC","GBR2","SIMP","M"
"tamRun3-260.fastq","tamRun3-260",16158,11609,873,3676,0.72,0.05,0.23,"LWED",0.421621621621622,0.2,0.135135135135135,"tamRun3-260","S517-N711","6","D",3,"197","blood","06/09/2019","2019","Sun7","YBW2","LWED","M"
"tamRun3-261.fastq","tamRun3-261",96216,76365,1464,18387,0.79,0.02,0.19,"LWED",0.297297297297297,0.145945945945946,0.444444444444444,"tamRun3-261","S518-N711","6","E",3,"40","blood","07/13/2013","2013","WhiteSf","WBS","LWED","M"
"tamRun3-262.fastq","tamRun3-262",67004,37912,1256,27836,0.57,0.02,0.42,"SIMP",0.481283422459893,0.219251336898396,0.341463414634146,"tamRun3-262","S520-N711","6","F",3,"213","blood","06/24/2017","2017","BritishArmy","WRC","SIMP","F"
"tamRun3-263.fastq","tamRun3-263",119938,69808,5443,44687,0.58,0.05,0.37,"SIMP",0.524064171122995,0.267379679144385,0.54,"tamRun3-263","S521-N711","6","G",3,"17","blood","06/21/2018","2018","Bees","YBL","SIMP","M"
"tamRun3-264.fastq","tamRun3-264",65754,51032,800,13922,0.78,0.01,0.21,"LWED",0.291891891891892,0.140540540540541,0.615384615384615,"tamRun3-264","S522-N711","6","H",3,"277","blood","06/18/2019","2019","StarrySky","SBR3","LWED","M"
"tamRun3-265.fastq","tamRun3-265",7958,4837,1026,2095,0.61,0.13,0.26,"SIMP",0.513368983957219,0.272727272727273,0.215686274509804,"tamRun3-265","S513-N712","6","A",4,"73","blood","06/30/2016","2016","IC","GPG","SIMP","F"
"tamRun3-266.fastq","tamRun3-266",12966,7721,726,4519,0.6,0.06,0.35,"SIMP",0.438502673796791,0.181818181818182,0.205882352941176,"tamRun3-266","S515-N712","6","B",4,"230","blood","06/25/2019","2019","MI4","LPG","SIMP","F"
"tamRun3-267.fastq","tamRun3-267",17324,14680,2602,42,0.85,0.15,0,"SIMP",0,0,NA,"tamRun3-267","S516-N712","6","C",4,"XTN (-)","XTN (-)","XTN (-)","XTN (-)","XTN (-)","XTN (-)","XTN (-)","XTN (-)"
"tamRun3-267.fastq","tamRun3-267",17324,15224,2067,33,0.88,0.12,0,"LWED",0,0,NA,"tamRun3-267","S516-N712","6","C",4,"XTN (-)","XTN (-)","XTN (-)","XTN (-)","XTN (-)","XTN (-)","XTN (-)","XTN (-)"
"tamRun3-268.fastq","tamRun3-268",23414,14143,1594,7677,0.6,0.07,0.33,"SIMP",0.72192513368984,0.358288770053476,0.432835820895522,"tamRun3-268","S517-N712","6","D",4,"226","blood","07/05/2019","2019","YoungMoney","BLPY","SIMP","F"
"tamRun3-269.fastq","tamRun3-269",26188,16113,1969,8106,0.62,0.08,0.31,"SIMP",0.684491978609626,0.379679144385027,0.323943661971831,"tamRun3-269","S518-N712","6","E",4,"193","blood","06/13/2018","2018","IC","GBW2","SIMP","M"
"tamRun3-270.fastq","tamRun3-270",15184,10503,586,4095,0.69,0.04,0.27,"LWED",0.481081081081081,0.227027027027027,0.285714285714286,"tamRun3-270","S520-N712","6","F",4,"274","blood","06/10/2019","2019","O.Sky","OPR","LWED","F"
"tamRun3-271.fastq","tamRun3-271",7008,4622,538,1848,0.66,0.08,0.26,"LWED",0.383783783783784,0.162162162162162,0.166666666666667,"tamRun3-271","S521-N712","6","G",4,"12","blood","06/13/2017","2017","Sun7","YPL/YRC2","LWED","F"
"tamRun3-272.fastq","tamRun3-272",59550,45656,556,13338,0.77,0.01,0.22,"LWED",0.318918918918919,0.189189189189189,0.485714285714286,"tamRun3-272","S522-N712","6","H",4,"286","blood","06/23/2019","2019","Bloopers","BLBR2","LWED","M"
"tamRun3-273.fastq","tamRun3-273",53042,40591,650,11801,0.77,0.01,0.22,"LWED",0.302702702702703,0.162162162162162,0.3,"tamRun3-273","S513-N714","6","A",5,"185","blood","06/17/2016","2016","WhiteSf","WBY","LWED","M"
"tamRun3-274.fastq","tamRun3-274",78600,60522,800,17278,0.77,0.01,0.22,"LWED",0.372972972972973,0.183783783783784,0.382352941176471,"tamRun3-274","S515-N714","6","B",5,"205","blood","07/05/2018","2018","Loners","SBR2","LWED","M"
"tamRun3-275.fastq","tamRun3-275",13064,7939,1009,4116,0.61,0.08,0.32,"SIMP",0.459893048128342,0.197860962566845,0.0810810810810811,"tamRun3-275","S516-N714","6","C",5,"34","blood","06/22/2019","2019","IC","RPS/RC","SIMP","F"
"tamRun3-276.fastq","tamRun3-276",79844,61253,676,17915,0.77,0.01,0.22,"LWED",0.362162162162162,0.167567567567568,0.419354838709677,"tamRun3-276","S517-N714","6","D",5,"157","blood","06/17/2016","2016","WhiteSf","WPS2","LWED","F"
"tamRun3-277.fastq","tamRun3-277",11278,8066,524,2688,0.72,0.05,0.24,"LWED",0.32972972972973,0.156756756756757,0.344827586206897,"tamRun3-277","S518-N714","6","E",5,"39","blood","07/13/2013","2013","WhiteSf","WBL","LWED","M"
"tamRun3-278.fastq","tamRun3-278",84536,64475,913,19148,0.76,0.01,0.23,"LWED",0.383783783783784,0.172972972972973,0.46875,"tamRun3-278","S520-N714","6","F",5,"41","blood","06/23/2014","2014","WhiteSf","WPO/WRC","LWED","F"
"tamRun3-279.fastq","tamRun3-279",2684,1817,336,531,0.68,0.13,0.2,"LWED",0.0324324324324324,0.0162162162162162,0,"tamRun3-279","S521-N714","6","G",5,"201","blood","06/12/2019","2019","AR6","OBG2","LWED","M"
"tamRun3-280.fastq","tamRun3-280",2978,1964,340,674,0.66,0.11,0.23,"LWED",0.0756756756756757,0.0216216216216216,0,"tamRun3-280","S522-N714","6","H",5,"155","blood","06/13/2016","2016","Ghosts","LBL","LWED","M"
"tamRun3-281.fastq","tamRun3-281",15666,10118,1354,4194,0.65,0.09,0.27,"LWED",0.713513513513514,0.367567567567568,0.294117647058824,"tamRun3-281","S513-N715","6","A",6,"141","blood","06/12/2015","2015","Ghosts","LPR","LWED","F"
"tamRun3-282.fastq","tamRun3-282",16548,10176,1313,5059,0.61,0.08,0.31,"SIMP",0.545454545454545,0.165775401069519,0,"tamRun3-282","S515-N715","6","B",6,"191","blood","06/27/2018","2018","MI4","LPR","SIMP","F"
"tamRun3-283.fastq","tamRun3-283",10288,6182,675,3431,0.6,0.07,0.33,"SIMP",0.433155080213904,0.235294117647059,0.431818181818182,"tamRun3-283","S516-N715","6","C",6,"2","blood","06/25/2019","2019","MI4","LPL-LRC","SIMP","F"
"tamRun3-284.fastq","tamRun3-284",4538,2920,388,1230,0.64,0.09,0.27,"SIMP",0.213903743315508,0.128342245989305,0.333333333333333,"tamRun3-284","S517-N715","6","D",6,"294","blood","07/05/2019","2019","YoungMoney","BLPG","SIMP","F"
"tamRun3-285.fastq","tamRun3-285",7164,4645,678,1841,0.65,0.09,0.26,"SIMP",0.320855614973262,0.171122994652406,0.09375,"tamRun3-285","S518-N715","6","E",6,"183","blood","06/15/2018","2018","Ji","RPBL2","SIMP","F"
"tamRun3-286.fastq","tamRun3-286",100,77,14,9,0.77,0.14,0.09,"LWED",0,0,NA,"tamRun3-286","S520-N715","6","F",6,"29","blood","07/08/2013","2013","Jf","RBS","LWED","M"
"tamRun3-287.fastq","tamRun3-287",96,70,19,7,0.73,0.2,0.07,"LWED",0,0,NA,"tamRun3-287","S521-N715","6","G",6,"64","blood","08/01/2013","2013","CL3","YBG2","LWED","M"
"tamRun3-288.fastq","tamRun3-288",67008,36620,932,29456,0.55,0.01,0.44,"SIMP",0.32620320855615,0.155080213903743,0.482758620689655,"tamRun3-288","S522-N715","6","H",6,"74","blood","06/22/2019","2019","IC","GBY","SIMP","M"
"tamRun3-289.fastq","tamRun3-289",63570,38675,6699,18196,0.61,0.11,0.29,"SIMP",0.86096256684492,0.406417112299465,0.355263157894737,"tamRun3-289","S513-N716","6","A",7,"207","blood","06/30/2019","2019","Bees","YPO","SIMP","F"
"tamRun3-290.fastq","tamRun3-290",44588,30709,2239,11640,0.69,0.05,0.26,"LWED",0.740540540540541,0.437837837837838,0.469135802469136,"tamRun3-290","S515-N716","6","B",7,"198","blood","06/16/2018","2018","WhiteSf","YPG2","LWED","F"
"tamRun3-291.fastq","tamRun3-291",116442,84913,3547,27982,0.73,0.03,0.24,"LWED",0.805405405405405,0.4,0.540540540540541,"tamRun3-291","S516-N716","6","C",7,"6","blood","06/18/2014","2014","AR6","GBW2","LWED","M"
"tamRun3-292.fastq","tamRun3-292",92226,64495,4586,23145,0.7,0.05,0.25,"LWED",0.772972972972973,0.47027027027027,0.425287356321839,"tamRun3-292","S517-N716","6","D",7,"57","blood","06/22/2017","2017","StarrySky","SPW/SRC","LWED","F"
"tamRun3-293.fastq","tamRun3-293",123530,73835,7155,42540,0.6,0.06,0.34,"SIMP",0.79144385026738,0.379679144385027,0.394366197183099,"tamRun3-293","S518-N716","6","E",7,"215","blood","06/24/2017","2017","BritishArmy","WPY","SIMP","F"
"tamRun3-294.fastq","tamRun3-294",57750,38114,4050,15586,0.66,0.07,0.27,"LWED",0.956756756756757,0.405405405405405,0.0666666666666667,"tamRun3-294","S520-N716","6","F",7,"234","blood","07/04/2018","2018","Illest","YBG3","LWED","M"
"tamRun3-295.fastq","tamRun3-295",350,263,65,22,0.75,0.19,0.06,"LWED",0,0,NA,"tamRun3-295","S521-N716","6","G",7,"48","blood","07/15/2013","2013","Royals","LBS","LWED","M"
"tamRun3-296.fastq","tamRun3-296",258,187,52,19,0.72,0.2,0.07,"LWED",0,0,NA,"tamRun3-296","S522-N716","6","H",7,"58","blood","06/23/2015","2015","Royals","BLBW2","LWED","M"
"tamRun3-297.fastq","tamRun3-297",144508,100066,16010,28432,0.69,0.11,0.2,"LWED",0.924324324324324,0.383783783783784,0.436619718309859,"tamRun3-297","S513-N718","6","A",8,"31","blood","07/08/2013","2013","Jf","RPL","LWED","F"
"tamRun3-298.fastq","tamRun3-298",214,136,47,31,0.64,0.22,0.14,"SIMP",0,0,NA,"tamRun3-298","S515-N718","6","B",8,"287","blood","06/25/2019","2019","MI4","LBO2","SIMP","M"
"tamRun3-299.fastq","tamRun3-299",212,140,45,27,0.66,0.21,0.13,"SIMP",0,0,NA,"tamRun3-299","S516-N718","6","C",8,"32","blood","06/29/2019","2019","Ji","RBL","SIMP","M"
"tamRun3-300.fastq","tamRun3-300",154,106,25,23,0.69,0.16,0.15,"LWED",0,0,NA,"tamRun3-300","S517-N718","6","D",8,"169","blood","06/19/2017","2017","O.Sky","OBR2","LWED","M"
"tamRun3-301.fastq","tamRun3-301",200,145,25,30,0.72,0.12,0.15,"LWED",0,0,NA,"tamRun3-301","S518-N718","6","E",8,"210","blood","06/12/2019","2019","AR6","ORC3","LWED","F"
"tamRun3-302.fastq","tamRun3-302",23652,15963,2258,5431,0.67,0.1,0.23,"SIMP",0.588235294117647,0.304812834224599,0.298245614035088,"tamRun3-302","S520-N718","6","F",8,"20","blood","06/28/2013","2013","Bees","YBS","SIMP","M"
"tamRun3-303.fastq","tamRun3-303",13202,11071,241,1890,0.84,0.02,0.14,"LWED",0.113513513513514,0.0648648648648649,0.416666666666667,"tamRun3-303","S521-N718","6","G",8,"43","blood","07/14/2013","2013","Skywalkers","SBR","LWED","M"
"tamRun3-304.fastq","tamRun3-304",114,84,21,9,0.74,0.18,0.08,"LWED",0,0,NA,"tamRun3-304","S522-N718","6","H",8,"162","blood","06/23/2015","2015","Royals","LBS2","LWED","M"
"tamRun3-305.fastq","tamRun3-305",296,187,64,45,0.63,0.22,0.15,"SIMP",0,0,NA,"tamRun3-305","S513-N719","6","A",9,"211","blood","06/23/2017","2017","WhiteEmps","WPS","SIMP","F"
"tamRun3-306.fastq","tamRun3-306",58236,42153,2040,14043,0.72,0.04,0.24,"LWED",0.697297297297297,0.362162162162162,0.358208955223881,"tamRun3-306","S515-N719","6","B",9,"202","blood","06/08/2019","2019","WhiteSf","BLPG2","LWED","F"
"tamRun3-307.fastq","tamRun3-307",68580,41867,5083,21630,0.61,0.07,0.32,"SIMP",0.72192513368984,0.283422459893048,0.320754716981132,"tamRun3-307","S516-N719","6","C",9,"212","blood","06/23/2017","2017","WhiteEmps","WPL","SIMP","F"
"tamRun3-308.fastq","tamRun3-308",45766,27523,3822,14421,0.6,0.08,0.32,"SIMP",0.705882352941177,0.363636363636364,0.338235294117647,"tamRun3-308","S517-N719","6","D",9,"188","blood","07/03/2016","2016","Bees","YBW","SIMP","M"
"tamRun3-309.fastq","tamRun3-309",43986,28848,4198,10940,0.66,0.1,0.25,"SIMP",0.689839572192513,0.331550802139037,0.387096774193548,"tamRun3-309","S518-N719","6","E",9,"4","blood","06/07/2018","2018","BritishArmy","WBG","SIMP","M"
"tamRun3-310.fastq","tamRun3-310",14536,12038,2136,362,0.83,0.15,0.02,"SIMP",0.0748663101604278,0.0106951871657754,0,"tamRun3-310","S520-N719","6","F",9,"XTN (-)","XTN (-)","XTN (-)","XTN (-)","XTN (-)","XTN (-)","XTN (-)","XTN (-)"
"tamRun3-310.fastq","tamRun3-310",14536,12563,1750,223,0.86,0.12,0.02,"LWED",0.0324324324324324,0.0108108108108108,0,"tamRun3-310","S520-N719","6","F",9,"XTN (-)","XTN (-)","XTN (-)","XTN (-)","XTN (-)","XTN (-)","XTN (-)","XTN (-)"
"tamRun3-311.fastq","tamRun3-311",31410,18841,3033,9536,0.6,0.1,0.3,"SIMP",0.887700534759358,0.481283422459893,0.422222222222222,"tamRun3-311","S521-N719","6","G",9,"283","blood","06/22/2019","2019","IC","GBS2","SIMP","M"
"tamRun3-312.fastq","tamRun3-312",150,96,23,31,0.64,0.15,0.21,"SIMP",0,0,NA,"tamRun3-312","S522-N719","6","H",9,"33","blood","06/15/2018","2018","Ji","RPG/RRC","SIMP","F"
"tamRun3-313.fastq","tamRun3-313",74730,46497,8191,20042,0.62,0.11,0.27,"SIMP",0.828877005347594,0.433155080213904,0.45679012345679,"tamRun3-313","S513-N720","6","A",10,"107","blood","06/27/2019","2019","OrangeEmps","OBG","SIMP","M"
"tamRun3-314.fastq","tamRun3-314",48390,30730,4561,13099,0.64,0.09,0.27,"SIMP",0.668449197860963,0.331550802139037,0.370967741935484,"tamRun3-314","S515-N720","6","B",10,"68","blood","07/10/2013","2013","Ji","RBBL","SIMP","M"
"tamRun3-315.fastq","tamRun3-315",32096,22864,1863,7369,0.71,0.06,0.23,"LWED",0.513513513513513,0.243243243243243,0.288888888888889,"tamRun3-315","S516-N720","6","C",10,"8","blood","07/08/2015","2015","Sun7","YBG","LWED","M"
"tamRun3-316.fastq","tamRun3-316",41304,24876,2983,13445,0.6,0.07,0.33,"SIMP",0.614973262032086,0.310160427807487,0.344827586206897,"tamRun3-316","S517-N720","6","D",10,"170","blood","06/30/2019","2019","Bees","YBS2","SIMP","M"
"tamRun3-317.fastq","tamRun3-317",21100,16090,1558,3452,0.76,0.07,0.16,"LWED",0.394594594594595,0.172972972972973,0.25,"tamRun3-317","S518-N720","6","E",10,"209","blood","06/20/2019","2019","Illest","BLBL2","LWED","M"
"tamRun3-318.fastq","tamRun3-318",27890,19391,1312,7187,0.7,0.05,0.26,"LWED",0.594594594594595,0.302702702702703,0.321428571428571,"tamRun3-318","S520-N720","6","F",10,"224","blood","06/15/2019","2019","Ghosts","LBO2","LWED","M"
"tamRun3-319.fastq","tamRun3-319",50406,34820,2862,12724,0.69,0.06,0.25,"LWED",0.794594594594595,0.421621621621622,0.423076923076923,"tamRun3-319","S521-N720","6","G",10,"7","blood","06/18/2013","2013","FC","GPBL/GRC","LWED","F"
"tamRun3-320.fastq","tamRun3-320",45350,28259,4338,12753,0.62,0.1,0.28,"SIMP",0.67379679144385,0.358288770053476,0.462686567164179,"tamRun3-320","S522-N720","6","H",10,"16","blood","07/14/2014","2014","Bees","YBG","SIMP","M"
"tamRun3-321.fastq","tamRun3-321",125764,99120,2395,24249,0.79,0.02,0.19,"LWED",0.302702702702703,0.12972972972973,0.5,"tamRun3-321","S513-N721","6","A",11,"232","blood","06/23/2019","2019","Bloopers","LPO","LWED","F"
"tamRun3-322.fastq","tamRun3-322",212,145,39,28,0.68,0.18,0.13,"SIMP",0,0,NA,"tamRun3-322","S515-N721","6","B",11,"167","blood","06/28/2016","2016","Ji","RBG","SIMP","M"
"tamRun3-323.fastq","tamRun3-323",138,101,18,19,0.73,0.13,0.14,"LWED",0,0,NA,"tamRun3-323","S516-N721","6","C",11,"14","blood","07/08/2015","2015","Sun7","YRC","LWED","F"
"tamRun3-324.fastq","tamRun3-324",114,77,19,18,0.68,0.17,0.16,"SIMP",0,0,NA,"tamRun3-324","S517-N721","6","D",11,"22","blood","06/11/2017","2017","IC","GBL","SIMP","M"
"tamRun3-325.fastq","tamRun3-325",186,133,28,25,0.72,0.15,0.13,"LWED",0,0,NA,"tamRun3-325","S518-N721","6","E",11,"270","blood","06/08/2019","2019","WhiteSf","WPW","LWED","F"
"tamRun3-326.fastq","tamRun3-326",35772,25420,1665,8687,0.71,0.05,0.24,"LWED",0.551351351351351,0.264864864864865,0.408163265306122,"tamRun3-326","S520-N721","6","F",11,"281","blood","06/20/2019","2019","Illest","YPO3","LWED","F"
"tamRun3-327.fastq","tamRun3-327",74532,45916,3724,24892,0.62,0.05,0.33,"SIMP",0.620320855614973,0.385026737967914,0.638888888888889,"tamRun3-327","S521-N721","6","G",11,"199","blood","06/14/2018","2018","OrangeEmps","OPBL2","SIMP","F"
"tamRun3-328.fastq","tamRun3-328",46652,32324,3093,11235,0.69,0.07,0.24,"LWED",0.713513513513514,0.383783783783784,0.338028169014085,"tamRun3-328","S522-N721","6","H",11,"137","blood","06/23/2014","2014","WhiteSf","WBW","LWED","M"
"tamRun3-329.fastq","tamRun3-329",55494,43628,529,11337,0.79,0.01,0.2,"LWED",0.324324324324324,0.124324324324324,0.0869565217391304,"tamRun3-329","S513-N722","6","A",12,"63","blood","06/19/2018","2018","Bloopers","BLPO","LWED","F"
"tamRun3-330.fastq","tamRun3-330",39146,25885,3213,10048,0.66,0.08,0.26,"LWED",0.810810810810811,0.378378378378378,0.285714285714286,"tamRun3-330","S515-N722","6","B",12,"143","blood","06/18/2019","2019","StarrySky","SBG","LWED","M"
"tamRun3-331.fastq","tamRun3-331",178,131,31,16,0.74,0.17,0.09,"LWED",0,0,NA,"tamRun3-331","S516-N722","6","C",12,"156","blood","06/23/2019","2019","Bloopers","BLBS","LWED","M"
"tamRun3-332.fastq","tamRun3-332",78682,53985,4347,20350,0.69,0.06,0.26,"LWED",0.854054054054054,0.367567567567568,0.426470588235294,"tamRun3-332","S517-N722","6","D",12,"46","blood","07/15/2013","2013","Royals","LBO","LWED","M"
"tamRun3-333.fastq","tamRun3-333",194,147,29,18,0.76,0.15,0.09,"LWED",0,0,NA,"tamRun3-333","S518-N722","6","E",12,"222","blood","06/15/2019","2019","Ghosts","LBBL","LWED","M"
"tamRun3-334.fastq","tamRun3-334",61454,41098,5379,14977,0.67,0.09,0.24,"LWED",0.859459459459459,0.362162162162162,0.343283582089552,"tamRun3-334","S520-N722","6","F",12,"67","blood","08/01/2013","2013","CL3","YPS","LWED","F"
"tamRun3-335.fastq","tamRun3-335",121492,71057,2612,47823,0.58,0.02,0.39,"SIMP",0.315508021390374,0.117647058823529,0.681818181818182,"tamRun3-335","S521-N722","6","G",12,"227","blood","06/25/2018","2018","YoungMoney","BLBR","SIMP","M"
"tamRun3-336.fastq","tamRun3-336",112890,82538,6355,23997,0.73,0.06,0.21,"LWED",0.821621621621622,0.502702702702703,0.451612903225806,"tamRun3-336","S522-N722","6","H",12,"11","blood","06/24/2013","2013","Sun7","YBW","LWED","M"
"tamRun3-337.fastq","tamRun3-337",356,254,83,19,0.71,0.23,0.05,"LWED",0,0,NA,"tamRun3-337","S513-N723","7","A",1,"50","blood","07/12/2014","2014","Loners","LPBL","LWED","F"
"tamRun3-338.fastq","tamRun3-338",220,163,45,12,0.74,0.2,0.05,"LWED",0,0,NA,"tamRun3-338","S515-N723","7","B",1,"204","blood","06/10/2019","2019","O.Sky","OPBL2/ORC","LWED","F"
"tamRun3-339.fastq","tamRun3-339",43132,33842,335,8955,0.78,0.01,0.21,"LWED",0.194594594594595,0.0864864864864865,0.4375,"tamRun3-339","S516-N723","7","C",1,"144","blood","06/18/2019","2019","StarrySky","SBS","LWED","M"
"tamRun3-340.fastq","tamRun3-340",11266,8629,877,1760,0.77,0.08,0.16,"LWED",0.210810810810811,0.0918918918918919,0.0588235294117647,"tamRun3-340","S517-N723","7","D",1,"49","blood","07/15/2013","2013","Royals","LBY","LWED","M"
"tamRun3-341.fastq","tamRun3-341",49870,37707,776,11387,0.76,0.02,0.23,"LWED",0.383783783783784,0.167567567567568,0.483870967741935,"tamRun3-341","S518-N723","7","E",1,"38","blood","06/20/2019","2019","WhiteSf","BLBG","LWED","M"
"tamRun3-342.fastq","tamRun3-342",41670,23246,839,17585,0.56,0.02,0.42,"SIMP",0.385026737967914,0.181818181818182,0.470588235294118,"tamRun3-342","S520-N723","7","F",1,"284","blood","06/22/2019","2019","IC","GPO2","SIMP","F"
"tamRun3-343.fastq","tamRun3-343",51090,28174,658,22258,0.55,0.01,0.44,"SIMP",0.267379679144385,0.149732620320856,0.428571428571429,"tamRun3-343","S521-N723","7","G",1,"135","blood","07/07/2019","2019","MI4","LPY/LRC","SIMP","F"
"tamRun3-344.fastq","tamRun3-344",116362,89533,1301,25528,0.77,0.01,0.22,"LWED",0.416216216216216,0.254054054054054,0.48936170212766,"tamRun3-344","S522-N723","7","H",1,"5","blood","06/18/2013","2013","FC","GBR2","LWED","M"
"tamRun3-345.fastq","tamRun3-345",27014,16566,2548,7900,0.61,0.09,0.29,"SIMP",0.657754010695187,0.374331550802139,0.3,"tamRun3-345","S513-N724","7","A",2,"148","blood","07/03/2015","2015","Ji","RBR2","SIMP","M"
"tamRun3-346.fastq","tamRun3-346",15780,11579,1004,3197,0.73,0.06,0.2,"LWED",0.383783783783784,0.183783783783784,0.323529411764706,"tamRun3-346","S515-N724","7","B",2,"98","blood","07/06/2013","2013","AR6","OBG","LWED","M"
"tamRun3-347.fastq","tamRun3-347",9194,6073,874,2247,0.66,0.1,0.24,"SIMP",0.272727272727273,0.13903743315508,0.307692307692308,"tamRun3-347","S516-N724","7","C",2,"192","blood","06/14/2016","2016","IC","GBS","SIMP","M"
"tamRun3-348.fastq","tamRun3-348",26190,16113,1736,8341,0.62,0.07,0.32,"SIMP",0.529411764705882,0.18716577540107,0.0285714285714286,"tamRun3-348","S517-N724","7","D",2,"160","blood","06/19/2015","2015","OrangeEmps","OPW","SIMP","F"
"tamRun3-349.fastq","tamRun3-349",144,103,27,14,0.72,0.19,0.1,"LWED",0,0,NA,"tamRun3-349","S518-N724","7","E",2,"147","blood","06/16/2015","2015","Bloopers","BLPR","LWED","F"
"tamRun3-350.fastq","tamRun3-350",39500,23692,2648,13160,0.6,0.07,0.33,"SIMP",0.6524064171123,0.352941176470588,0.409090909090909,"tamRun3-350","S520-N724","7","F",2,"225","blood","06/15/2018","2018","Ji","RPY2","SIMP","F"
"tamRun3-351.fastq","tamRun3-351",140,107,22,11,0.76,0.16,0.08,"LWED",0,0,NA,"tamRun3-351","S521-N724","7","G",2,"180","blood","06/19/2018","2018","Bloopers","BLBBL","LWED","M"
"tamRun3-352.fastq","tamRun3-352",742,531,54,157,0.72,0.07,0.21,"LWED",0.0162162162162162,0.00540540540540541,0,"tamRun3-352","S522-N724","7","H",2,"60","blood","07/03/2018","2018","Royals","BLBL","LWED","M"
"tamRun3-353.fastq","tamRun3-353",50646,33650,4100,12896,0.66,0.08,0.25,"LWED",0.832432432432432,0.416216216216216,0.428571428571429,"tamRun3-353","S513-N726","7","A",3,"51","blood","07/03/2018","2018","Royals","LPG/RC","LWED","F"
"tamRun3-354.fastq","tamRun3-354",64114,44831,2586,16697,0.7,0.04,0.26,"LWED",0.767567567567568,0.351351351351351,0.492307692307692,"tamRun3-354","S515-N726","7","B",3,"42","blood","06/17/2016","2016","WhiteSf","WPR/WRC","LWED","F"
"tamRun3-355.fastq","tamRun3-355",58270,40826,2448,14996,0.7,0.04,0.26,"LWED",0.72972972972973,0.345945945945946,0.375,"tamRun3-355","S516-N726","7","C",3,"279","blood","06/18/2019","2019","StarrySky","SRC2","LWED","F"
"tamRun3-356.fastq","tamRun3-356",40972,28738,2102,10132,0.7,0.05,0.25,"LWED",0.697297297297297,0.27027027027027,0.34,"tamRun3-356","S517-N726","7","D",3,"66","blood","08/01/2013","2013","CL3","YPO","LWED","F"
"tamRun3-357.fastq","tamRun3-357",44468,31730,2340,10398,0.71,0.05,0.23,"LWED",0.648648648648649,0.286486486486487,0.320754716981132,"tamRun3-357","S518-N726","7","E",3,"146","blood","07/01/2014","2014","Illest","BLPW","LWED","F"
"tamRun3-358.fastq","tamRun3-358",32722,19487,2679,10556,0.6,0.08,0.32,"SIMP",0.524064171122995,0.240641711229947,0.466666666666667,"tamRun3-358","S520-N726","7","F",3,"36","blood","06/28/2016","2016","Ji","RPW","SIMP","F"
"tamRun3-359.fastq","tamRun3-359",23984,16833,1339,5812,0.7,0.06,0.24,"LWED",0.540540540540541,0.27027027027027,0.44,"tamRun3-359","S521-N726","7","G",3,"229","blood","06/22/2018","2018","StarrySky","SPY","LWED","F"
"tamRun3-360.fastq","tamRun3-360",44848,27483,4881,12484,0.61,0.11,0.28,"SIMP",0.67379679144385,0.32620320855615,0.459016393442623,"tamRun3-360","S522-N726","7","H",3,"206","blood","06/28/2017","2017","BritishArmy","WPR","SIMP","F"
"tamRun3-361.fastq","tamRun3-361",55448,34992,6758,13698,0.63,0.12,0.25,"SIMP",0.93048128342246,0.352941176470588,0.196969696969697,"tamRun3-361","S513-N727","7","A",4,"1","blood","06/17/2013","2013","MI4","GBW","SIMP","M"
"tamRun3-362.fastq","tamRun3-362",25644,15333,1779,8532,0.6,0.07,0.33,"SIMP",0.577540106951872,0.283422459893048,0.339622641509434,"tamRun3-362","S515-N727","7","B",4,"35","blood","07/10/2013","2013","Ji","RBY","SIMP","M"
"tamRun3-363.fastq","tamRun3-363",608,486,105,17,0.8,0.17,0.03,"SIMP",0,0,NA,"tamRun3-363","S516-N727","7","C",4,"XTN (-)","XTN (-)","XTN (-)","XTN (-)","XTN (-)","XTN (-)","XTN (-)","XTN (-)"
"tamRun3-363.fastq","tamRun3-363",608,512,82,14,0.84,0.13,0.02,"LWED",0,0,NA,"tamRun3-363","S516-N727","7","C",4,"XTN (-)","XTN (-)","XTN (-)","XTN (-)","XTN (-)","XTN (-)","XTN (-)","XTN (-)"
"tamRun3-364.fastq","tamRun3-364",54004,32523,3242,18239,0.6,0.06,0.34,"SIMP",0.802139037433155,0.358288770053476,0.343283582089552,"tamRun3-364","S517-N727","7","D",4,"208","blood","06/30/2019","2019","Bees","YPL","SIMP","F"
"tamRun3-365.fastq","tamRun3-365",51100,33864,2748,14488,0.66,0.05,0.28,"LWED",0.859459459459459,0.378378378378378,0.414285714285714,"tamRun3-365","S518-N727","7","E",4,"139","blood","06/12/2015","2015","Ghosts","LRC","LWED","F"
"tamRun3-366.fastq","tamRun3-366",51108,35701,2396,13011,0.7,0.05,0.25,"LWED",0.708108108108108,0.27027027027027,0.06,"tamRun3-366","S520-N727","7","F",4,"37","blood","06/23/2014","2014","WhiteSf","BLBY2","LWED","M"
"tamRun3-367.fastq","tamRun3-367",21088,12787,1547,6754,0.61,0.07,0.32,"SIMP",0.775401069518717,0.315508021390374,0.0677966101694915,"tamRun3-367","S521-N727","7","G",4,"23","blood","06/11/2017","2017","IC","LBR","SIMP","M"
"tamRun3-368.fastq","tamRun3-368",19788,14070,1396,4322,0.71,0.07,0.22,"LWED",0.540540540540541,0.313513513513514,0.241379310344828,"tamRun3-368","S522-N727","7","H",4,"9","blood","07/04/2018","2018","Illest","YBR","LWED","M"
"tamRun3-369.fastq","tamRun3-369",34406,22863,2373,9170,0.66,0.07,0.27,"LWED",0.745945945945946,0.227027027027027,0.0952380952380952,"tamRun3-369","S513-N728","7","A",5,"164","blood","06/21/2015","2015","StarrySky","SPL2","LWED","F"
"tamRun3-370.fastq","tamRun3-370",47012,33037,2230,11745,0.7,0.05,0.25,"LWED",0.659459459459459,0.291891891891892,0.222222222222222,"tamRun3-370","S515-N728","7","B",5,"271","blood","06/09/2019","2019","Sun7","YPBL2","LWED","F"
"tamRun3-371.fastq","tamRun3-371",37460,26194,2007,9259,0.7,0.05,0.25,"LWED",0.605405405405405,0.302702702702703,0.446428571428571,"tamRun3-371","S516-N728","7","C",5,"276","blood","06/15/2019","2019","Ghosts","LPG2","LWED","F"
"tamRun3-372.fastq","tamRun3-372",27800,19716,1154,6930,0.71,0.04,0.25,"LWED",0.508108108108108,0.227027027027027,0.404761904761905,"tamRun3-372","S517-N728","7","D",5,"171","blood","06/09/2019","2019","Sun7","YBY2","LWED","M"
"tamRun3-373.fastq","tamRun3-373",40062,27735,1495,10832,0.69,0.04,0.27,"LWED",0.67027027027027,0.356756756756757,0.348484848484849,"tamRun3-373","S518-N728","7","E",5,"61","blood","07/03/2014","2014","Bloopers","BLPBL2","LWED","F"
"tamRun3-374.fastq","tamRun3-374",45088,24511,620,19957,0.54,0.01,0.44,"SIMP",0.352941176470588,0.155080213903743,0.344827586206897,"tamRun3-374","S520-N728","7","F",5,"282","blood","06/22/2019","2019","IC","GBBL","SIMP","M"
"tamRun3-375.fastq","tamRun3-375",37820,31768,576,5476,0.84,0.02,0.14,"LWED",0.162162162162162,0.0594594594594595,0.272727272727273,"tamRun3-375","S521-N728","7","G",5,"190","blood","06/23/2016","2016","StarrySky","SBW","LWED","M"
"tamRun3-376.fastq","tamRun3-376",17720,12724,1311,3685,0.72,0.07,0.21,"LWED",0.464864864864865,0.227027027027027,0.261904761904762,"tamRun3-376","S522-N728","7","H",5,"45","blood","07/02/2015","2015","O.Sky","SPO","LWED","F"
"tamRun3-377.fastq","tamRun3-377",91060,50477,1437,39146,0.55,0.02,0.43,"SIMP",0.454545454545455,0.229946524064171,0.418604651162791,"tamRun3-377","S513-N729","7","A",6,"54","blood","06/20/2017","2017","WhiteEmps","WPO","SIMP","F"
"tamRun3-378.fastq","tamRun3-378",36902,25944,1457,9501,0.7,0.04,0.26,"LWED",0.648648648648649,0.324324324324324,0.3,"tamRun3-378","S515-N729","7","B",6,"44","blood","07/14/2013","2013","Skywalkers","SBY","LWED","M"
"tamRun3-379.fastq","tamRun3-379",37388,23066,2902,11420,0.62,0.08,0.31,"SIMP",0.786096256684492,0.352941176470588,0.363636363636364,"tamRun3-379","S516-N729","7","C",6,"24","blood","06/14/2016","2016","IC","GRC/GPO","SIMP","F"
"tamRun3-380.fastq","tamRun3-380",57572,40439,2793,14340,0.7,0.05,0.25,"LWED",0.740540540540541,0.32972972972973,0.0327868852459016,"tamRun3-380","S517-N729","7","D",6,"280","blood","06/20/2019","2019","Illest","YPY","LWED","F"
"tamRun3-381.fastq","tamRun3-381",33218,22255,1901,9062,0.67,0.06,0.27,"LWED",0.832432432432432,0.394594594594595,0.465753424657534,"tamRun3-381","S518-N729","7","E",6,"200","blood","06/12/2019","2019","AR6","OBR3","LWED","M"
"tamRun3-382.fastq","tamRun3-382",46294,28254,3688,14352,0.61,0.08,0.31,"SIMP",0.935828877005348,0.518716577540107,0.484536082474227,"tamRun3-382","S520-N729","7","F",6,"195","blood","06/22/2019","2019","IC","GBG","SIMP","M"
"tamRun3-383.fastq","tamRun3-383",42106,26252,4278,11576,0.62,0.1,0.27,"SIMP",0.866310160427808,0.417112299465241,0.435897435897436,"tamRun3-383","S521-N729","7","G",6,"3","blood","06/17/2013","2013","MI4","LRC","SIMP","F"
"tamRun3-384.fastq","tamRun3-384",17222,11662,1657,3903,0.68,0.1,0.23,"LWED",0.691891891891892,0.340540540540541,0.174603174603175,"tamRun3-384","S522-N729","7","H",6,"30","blood","07/08/2013","2013","Jf","RPG/RRC","LWED","F"
"tamRun3-385.fastq","tamRun3-385",115766,83596,5055,27115,0.72,0.04,0.23,"LWED",0.702702702702703,0.383783783783784,0.394366197183099,"tamRun3-385","S501-N701","7","A",7,"161","blood","06/23/2015","2015","Royals","LBR2","LWED","M"
"tamRun3-386.fastq","tamRun3-386",37066,25167,3856,8043,0.68,0.1,0.22,"LWED",0.848648648648649,0.340540540540541,0.158730158730159,"tamRun3-386","S501-N707","7","B",7,"535","blood","06/20/2019","2019","Illest","YBG4","LWED","M"
"tamRun3-387.fastq","tamRun3-387",258,183,29,46,0.71,0.11,0.18,"SIMP",0,0,NA,"tamRun3-387","S501-N714","7","C",7,"173","blood","06/27/2018","2018","MI4","LBY","SIMP","M"
"tamRun3-388.fastq","tamRun3-388",132,95,18,19,0.72,0.14,0.14,"SIMP",0,0,NA,"tamRun3-388","S501-N721","7","D",7,"291","blood","06/30/2019","2019","Bees","YBO2","SIMP","M"
"tamRun3-389.fastq","tamRun3-389",123460,83897,10551,29012,0.68,0.09,0.23,"LWED",0.897297297297297,0.454054054054054,0.619047619047619,"tamRun3-389","S504-N701","7","E",7,"28","blood","06/18/2014","2014","AR6","OBS","LWED","M"
"tamRun3-390.fastq","tamRun3-390",68522,42010,5671,20841,0.61,0.08,0.3,"SIMP",0.748663101604278,0.267379679144385,0.12,"tamRun3-390","S504-N707","7","F",7,"80","blood","07/06/2014","2014","Ji","RPBL","SIMP","F"
"tamRun3-391.fastq","tamRun3-391",100916,58015,4190,38711,0.57,0.04,0.38,"SIMP",0.60427807486631,0.390374331550802,0.575342465753425,"tamRun3-391","S504-N714","7","G",7,"159","blood","06/27/2019","2019","OrangeEmps","OBS","SIMP","M"
"tamRun3-392.fastq","tamRun3-392",69992,51659,2253,16080,0.74,0.03,0.23,"LWED",0.572972972972973,0.448648648648649,0.530120481927711,"tamRun3-392","S504-N721","7","H",7,"163","blood","06/23/2015","2015","Royals","LBY2","LWED","M"
"tamRun3-393.fastq","tamRun3-393",139028,80671,5828,52529,0.58,0.04,0.38,"SIMP",0.6524064171123,0.529411764705882,0.575757575757576,"tamRun3-393","S501-N702","7","A",8,"158","blood","06/29/2016","2016","OrangeEmps","OBO","SIMP","M"
"tamRun3-394.fastq","tamRun3-394",98844,56917,4405,37522,0.58,0.04,0.38,"SIMP",0.754010695187166,0.427807486631016,0.5375,"tamRun3-394","S501-N708","7","B",8,"172","blood","07/10/2015","2015","MI4","LBS","SIMP","M"
"tamRun3-395.fastq","tamRun3-395",47330,28713,3284,15333,0.61,0.07,0.32,"SIMP",0.877005347593583,0.470588235294118,0.431818181818182,"tamRun3-395","S501-N715","7","C",8,"228","blood","06/21/2018","2018","Bees","YBG2","SIMP","M"
"tamRun3-396.fastq","tamRun3-396",30246,19803,2600,7843,0.65,0.09,0.26,"LWED",0.881081081081081,0.47027027027027,0.367816091954023,"tamRun3-396","S501-N722","7","D",8,"233","blood","07/03/2018","2018","Royals","LPW2","LWED","F"
"tamRun3-397.fastq","tamRun3-397",314,222,37,55,0.71,0.12,0.18,"LWED",0,0,NA,"tamRun3-397","S504-N702","7","E",8,"223","blood","06/15/2019","2019","Ghosts","LPS","LWED","F"
"tamRun3-398.fastq","tamRun3-398",492,294,44,154,0.6,0.09,0.31,"SIMP",0,0,NA,"tamRun3-398","S504-N708","7","F",8,"149","blood","07/06/2015","2015","Bees","YPBL","SIMP","F"
"tamRun3-399.fastq","tamRun3-399",55424,41626,3669,10129,0.75,0.07,0.18,"LWED",0.594594594594595,0.189189189189189,0.257142857142857,"tamRun3-399","S504-N715","7","G",8,"272","blood","06/09/2019","2019","Sun7","YRC3","LWED","F"
"tamRun3-400.fastq","tamRun3-400",41416,30333,2404,8679,0.73,0.06,0.21,"LWED",0.567567567567568,0.237837837837838,0.363636363636364,"tamRun3-400","S504-N722","7","H",8,"69","blood","07/06/2013","2013","AR6","OBO","LWED","M"
"tamRun3-401.fastq","tamRun3-401",185076,127961,10775,46340,0.69,0.06,0.25,"LWED",0.924324324324324,0.475675675675676,0.602272727272727,"tamRun3-401","S501-N703","7","A",9,"196","blood","06/22/2018","2018","StarrySky","YPBL/RC","LWED","F"
"tamRun3-402.fastq","tamRun3-402",20,14,4,2,0.7,0.2,0.1,"LWED",0,0,NA,"tamRun3-402","S501-N709","7","B",9,"275","blood","06/12/2019","2019","AR6","OPS","LWED","F"
"tamRun3-403.fastq","tamRun3-403",110944,74022,7998,28924,0.67,0.07,0.26,"LWED",0.918918918918919,0.340540540540541,0.412698412698413,"tamRun3-403","S501-N716","7","C",9,"71","blood","06/18/2014","2014","AR6","OPG/ORC2","LWED","F"
"tamRun3-404.fastq","tamRun3-404",100802,66917,11385,22500,0.66,0.11,0.22,"LWED",0.940540540540541,0.535135135135135,0.424242424242424,"tamRun3-404","S501-N723","7","D",9,"220","blood","06/23/2019","2019","Bloopers","BLBY4","LWED","M"
"tamRun3-405.fastq","tamRun3-405",158,112,15,31,0.71,0.09,0.2,"LWED",0,0,NA,"tamRun3-405","S504-N703","7","E",9,"166","blood","06/13/2017","2017","WhiteSf","BLPY/RC","LWED","F"
"tamRun3-406.fastq","tamRun3-406",38822,25012,3071,10739,0.64,0.08,0.28,"SIMP",0.67379679144385,0.315508021390374,0.355932203389831,"tamRun3-406","S504-N709","7","F",9,"XTN (-)","XTN (-)","XTN (-)","XTN (-)","XTN (-)","XTN (-)","XTN (-)","XTN (-)"
"tamRun3-406.fastq","tamRun3-406",38822,27932,1952,8938,0.72,0.05,0.23,"LWED",0.681081081081081,0.383783783783784,0.366197183098592,"tamRun3-406","S504-N709","7","F",9,"XTN (-)","XTN (-)","XTN (-)","XTN (-)","XTN (-)","XTN (-)","XTN (-)","XTN (-)"
"tamRun3-407.fastq","tamRun3-407",68212,41995,5466,20751,0.62,0.08,0.3,"SIMP",0.684491978609626,0.251336898395722,0.361702127659574,"tamRun3-407","S504-N716","7","G",9,"21","blood","06/30/2019","2019","Bees","YBY","SIMP","M"
"tamRun3-408.fastq","tamRun3-408",79418,48756,5763,24899,0.61,0.07,0.31,"SIMP",0.700534759358289,0.363636363636364,0.397058823529412,"tamRun3-408","S504-N723","7","H",9,"214","blood","06/24/2017","2017","BritishArmy","WBL","SIMP","M"
"tamRun3-409.fastq","tamRun3-409",37254,22727,2967,11560,0.61,0.08,0.31,"SIMP",0.556149732620321,0.240641711229947,0.288888888888889,"tamRun3-409","S501-N704","7","A",10,"56","blood","07/18/2016","2016","WhiteEmps","SBG","SIMP","M"
"tamRun3-410.fastq","tamRun3-410",60300,44220,3766,12314,0.73,0.06,0.2,"LWED",0.616216216216216,0.248648648648649,0.173913043478261,"tamRun3-410","S501-N710","7","B",10,"53","blood","06/23/2015","2015","Royals","LPW/LRC2","LWED","F"
"tamRun3-411.fastq","tamRun3-411",54164,38288,3702,12174,0.71,0.07,0.22,"LWED",0.718918918918919,0.205405405405405,0.0263157894736842,"tamRun3-411","S501-N718","7","C",10,"72","blood","07/08/2013","2013","Jf","RBW","LWED","M"
"tamRun3-412.fastq","tamRun3-412",62782,39128,5684,17970,0.62,0.09,0.29,"SIMP",0.657754010695187,0.310160427807487,0.448275862068966,"tamRun3-412","S501-N724","7","D",10,"296","blood","07/07/2019","2019","MI4","LBW","SIMP","M"
"tamRun3-413.fastq","tamRun3-413",53282,37732,3791,11759,0.71,0.07,0.22,"LWED",0.708108108108108,0.302702702702703,0.464285714285714,"tamRun3-413","S504-N704","7","E",10,"136","blood","06/08/2019","2019","WhiteSf","WBO","LWED","M"
"tamRun3-414.fastq","tamRun3-414",42818,26717,3656,12445,0.62,0.09,0.29,"SIMP",0.588235294117647,0.203208556149733,0.157894736842105,"tamRun3-414","S504-N710","7","F",10,"19","blood","06/21/2018","2018","Bees","YBR","SIMP","M"
"tamRun3-415.fastq","tamRun3-415",38552,23908,3288,11356,0.62,0.09,0.29,"SIMP",0.561497326203209,0.18716577540107,0.314285714285714,"tamRun3-415","S504-N718","7","G",10,"181","blood","06/05/2018","2018","Loners","OPR","SIMP","F"
"tamRun3-416.fastq","tamRun3-416",31366,22914,1629,6823,0.73,0.05,0.22,"LWED",0.513513513513513,0.210810810810811,0.41025641025641,"tamRun3-416","S504-N724","7","H",10,"70","blood","07/06/2013","2013","AR6","OBW","LWED","M"
"tamRun3-417.fastq","tamRun3-417",48516,28716,3025,16775,0.59,0.06,0.35,"SIMP",0.582887700534759,0.229946524064171,0.395348837209302,"tamRun3-417","S501-N705","7","A",11,"217","blood","06/07/2018","2018","BritishArmy","WRC2","SIMP","F"
"tamRun3-418.fastq","tamRun3-418",88194,65022,4466,18706,0.74,0.05,0.21,"LWED",0.654054054054054,0.302702702702703,0.482142857142857,"tamRun3-418","S501-N711","7","B",11,"140","blood","06/12/2018","2018","Ghosts","LBW","LWED","M"
"tamRun3-419.fastq","tamRun3-419",28272,20685,1717,5870,0.73,0.06,0.21,"LWED",0.491891891891892,0.189189189189189,0.257142857142857,"tamRun3-419","S501-N719","7","C",11,"65","blood","08/01/2013","2013","CL3","YBR2","LWED","M"
"tamRun3-420.fastq","tamRun3-420",68930,48764,4212,15954,0.71,0.06,0.23,"LWED",0.751351351351351,0.394594594594595,0.383561643835616,"tamRun3-420","S501-N726","7","D",11,"189","blood","06/18/2019","2019","StarrySky","SBO","LWED","M"
"tamRun3-421.fastq","tamRun3-421",70166,43355,6778,20033,0.62,0.1,0.29,"SIMP",0.79144385026738,0.406417112299465,0.460526315789474,"tamRun3-421","S504-N705","7","E",11,"15","blood","06/30/2019","2019","Bees","SRC/SPS","SIMP","F"
"tamRun3-422.fastq","tamRun3-422",104708,69474,9779,25455,0.66,0.09,0.24,"SIMP",0.705882352941177,0.320855614973262,0.466666666666667,"tamRun3-422","S504-N711","7","F",11,"288","blood","06/27/2019","2019","OrangeEmps","OBO2","SIMP","M"
"tamRun3-423.fastq","tamRun3-423",68984,43570,5782,19632,0.63,0.08,0.28,"SIMP",0.6524064171123,0.27807486631016,0.5,"tamRun3-423","S504-N719","7","G",11,"186","blood","06/30/2018","2018","WhiteEmps","WBR","SIMP","M"
"tamRun3-424.fastq","tamRun3-424",136,107,14,15,0.79,0.1,0.11,"LWED",0,0,NA,"tamRun3-424","S504-N726","7","H",11,"52","blood","07/15/2013","2013","Royals","LPL","LWED","F"
"tamRun3-425.fastq","tamRun3-425",125700,75426,9900,40374,0.6,0.08,0.32,"SIMP",0.850267379679144,0.491978609625668,0.489130434782609,"tamRun3-425","S501-N706","7","A",12,"154","blood","06/22/2019","2019","IC","GBO","SIMP","M"
"tamRun3-426.fastq","tamRun3-426",138,95,12,31,0.69,0.09,0.22,"SIMP",0,0,NA,"tamRun3-426","S501-N712","7","B",12,"168","blood","06/28/2016","2016","Ji","RPY","SIMP","F"
"tamRun3-427.fastq","tamRun3-427",123568,74552,9309,39707,0.6,0.08,0.32,"SIMP",0.796791443850267,0.491978609625668,0.532608695652174,"tamRun3-427","S501-N720","7","C",12,"92","blood","06/19/2015","2015","OrangeEmps","OPY","SIMP","F"
"tamRun3-428.fastq","tamRun3-428",40886,25381,4775,10730,0.62,0.12,0.26,"SIMP",0.754010695187166,0.347593582887701,0.476923076923077,"tamRun3-428","S501-N727","7","D",12,"295","blood","07/07/2019","2019","MI4","LPS","SIMP","F"
"tamRun3-429.fastq","tamRun3-429",94,65,13,16,0.69,0.14,0.17,"SIMP",0,0,NA,"tamRun3-429","S504-N706","7","E",12,"218","blood","06/07/2018","2018","BritishArmy","WBO2","SIMP","M"
"tamRun3-430.fastq","tamRun3-430",92442,68523,5978,17941,0.74,0.06,0.19,"LWED",0.708108108108108,0.556756756756757,0.553398058252427,"tamRun3-430","S504-N712","7","F",12,"278","blood","06/18/2019","2019","StarrySky","SBY2","LWED","M"
"tamRun3-431.fastq","tamRun3-431",106,79,7,20,0.75,0.07,0.19,"SIMP",0,0,NA,"tamRun3-431","S504-N720","7","G",12,"18","blood","06/28/2013","2013","Bees","YBO","SIMP","M"
"tamRun3-432.fastq","tamRun3-432",36820,27182,3784,5854,0.74,0.1,0.16,"LWED",0.540540540540541,0.227027027027027,0.30952380952381,"tamRun3-432","S504-N727","7","H",12,"142","blood","07/04/2018","2018","Illest","YBO","LWED","M"
"tamRun3-433.fastq","tamRun3-433",14,10,3,1,0.71,0.21,0.07,"SIMP",0,0,NA,"tamRun3-433","S520-N708","8",NA,1,"134","blood","06/13/2014","2014","MI4","LBO","SIMP","M"
"tamRun3-434.fastq","tamRun3-434",6,3,3,0,0.5,0.5,0,"LWED",0,0,NA,"tamRun3-434","S520-N709","8",NA,2,"62","blood","06/25/2015","2015","Illest","BLBR","LWED","M"
"tamRun3-435.fastq","tamRun3-435",10,9,0,1,0.9,0,0.1,"LWED",0,0,NA,"tamRun3-435","S521-N708","8",NA,3,"138","blood","06/15/2019","2019","Ghosts","LBG","LWED","M"
"tamRun3-436.fastq","tamRun3-436",6,3,1,2,0.5,0.17,0.33,"SIMP",0,0,NA,"tamRun3-436","S521-N709","8",NA,4,"221","blood","06/27/2019","2019","OrangeEmps","OPY2","SIMP","F"
"tamRun3-437.fastq","tamRun3-437",12,7,0,5,0.58,0,0.42,"SIMP",0,0,NA,"tamRun3-437","S522-N708","8",NA,5,"293","blood","07/01/2019","2019","Ji","RPG2","SIMP","F"
"tamRun3-438.fastq","tamRun3-438",6,4,0,2,0.67,0,0.33,"LWED",0,0,NA,"tamRun3-438","S522-N709","8",NA,6,"59","blood","07/29/2013","2013","Bloopers","BLBY3","LWED","M"
