"reagent","source_labware","source_slot","source_well","dest_labware","dest_slot","dest_well","transfer_volume"
"tamGeneticsPCR2p1_01","opentrons_24_tuberack_eppendorf_1.5ml_safelock_snapcap",6,"A1","nest_96_wellplate_100ul_pcr_full_skirt",4,"A1",12.7
"tamGeneticsPCR2p1_02","opentrons_24_tuberack_eppendorf_1.5ml_safelock_snapcap",6,"A1","nest_96_wellplate_100ul_pcr_full_skirt",4,"B1",12.7
"tamGeneticsPCR2p1_03","opentrons_24_tuberack_eppendorf_1.5ml_safelock_snapcap",6,"A1","nest_96_wellplate_100ul_pcr_full_skirt",4,"C1",6.6
"tamGeneticsPCR2p1_04","opentrons_24_tuberack_eppendorf_1.5ml_safelock_snapcap",6,"A1","nest_96_wellplate_100ul_pcr_full_skirt",4,"D1",0
"tamGeneticsPCR2p1_05","opentrons_24_tuberack_eppendorf_1.5ml_safelock_snapcap",6,"A1","nest_96_wellplate_100ul_pcr_full_skirt",4,"E1",8.9
"tamGeneticsPCR2p1_06","opentrons_24_tuberack_eppendorf_1.5ml_safelock_snapcap",6,"A1","nest_96_wellplate_100ul_pcr_full_skirt",4,"F1",0
"tamGeneticsPCR2p1_07","opentrons_24_tuberack_eppendorf_1.5ml_safelock_snapcap",6,"A1","nest_96_wellplate_100ul_pcr_full_skirt",4,"G1",0
"tamGeneticsPCR2p1_08","opentrons_24_tuberack_eppendorf_1.5ml_safelock_snapcap",6,"A1","nest_96_wellplate_100ul_pcr_full_skirt",4,"H1",8.2
"tamGeneticsPCR2p1_09","opentrons_24_tuberack_eppendorf_1.5ml_safelock_snapcap",6,"A1","nest_96_wellplate_100ul_pcr_full_skirt",4,"A2",2.1
"tamGeneticsPCR2p1_10","opentrons_24_tuberack_eppendorf_1.5ml_safelock_snapcap",6,"A1","nest_96_wellplate_100ul_pcr_full_skirt",4,"B2",16.6
"tamGeneticsPCR2p1_11","opentrons_24_tuberack_eppendorf_1.5ml_safelock_snapcap",6,"A1","nest_96_wellplate_100ul_pcr_full_skirt",4,"C2",13.2
"tamGeneticsPCR2p1_12","opentrons_24_tuberack_eppendorf_1.5ml_safelock_snapcap",6,"A1","nest_96_wellplate_100ul_pcr_full_skirt",4,"D2",13.8
"tamGeneticsPCR2p1_13","opentrons_24_tuberack_eppendorf_1.5ml_safelock_snapcap",6,"A1","nest_96_wellplate_100ul_pcr_full_skirt",4,"E2",14.6
"tamGeneticsPCR2p1_14","opentrons_24_tuberack_eppendorf_1.5ml_safelock_snapcap",6,"A1","nest_96_wellplate_100ul_pcr_full_skirt",4,"F2",19.4
"tamGeneticsPCR2p1_15","opentrons_24_tuberack_eppendorf_1.5ml_safelock_snapcap",6,"A1","nest_96_wellplate_100ul_pcr_full_skirt",4,"G2",0
"tamGeneticsPCR2p1_16","opentrons_24_tuberack_eppendorf_1.5ml_safelock_snapcap",6,"A1","nest_96_wellplate_100ul_pcr_full_skirt",4,"H2",15.7
"tamGeneticsPCR2p1_17","opentrons_24_tuberack_eppendorf_1.5ml_safelock_snapcap",6,"A1","nest_96_wellplate_100ul_pcr_full_skirt",4,"A3",14.1
"tamGeneticsPCR2p1_18","opentrons_24_tuberack_eppendorf_1.5ml_safelock_snapcap",6,"A1","nest_96_wellplate_100ul_pcr_full_skirt",4,"B3",12.4
"tamGeneticsPCR2p1_19","opentrons_24_tuberack_eppendorf_1.5ml_safelock_snapcap",6,"A1","nest_96_wellplate_100ul_pcr_full_skirt",4,"C3",17.6
"tamGeneticsPCR2p1_20","opentrons_24_tuberack_eppendorf_1.5ml_safelock_snapcap",6,"A1","nest_96_wellplate_100ul_pcr_full_skirt",4,"D3",16.7
"tamGeneticsPCR2p1_21","opentrons_24_tuberack_eppendorf_1.5ml_safelock_snapcap",6,"A1","nest_96_wellplate_100ul_pcr_full_skirt",4,"E3",19
"tamGeneticsPCR2p1_22","opentrons_24_tuberack_eppendorf_1.5ml_safelock_snapcap",6,"A1","nest_96_wellplate_100ul_pcr_full_skirt",4,"F3",17
"tamGeneticsPCR2p1_23","opentrons_24_tuberack_eppendorf_1.5ml_safelock_snapcap",6,"A1","nest_96_wellplate_100ul_pcr_full_skirt",4,"G3",17.9
"tamGeneticsPCR2p1_24","opentrons_24_tuberack_eppendorf_1.5ml_safelock_snapcap",6,"A1","nest_96_wellplate_100ul_pcr_full_skirt",4,"H3",10.9
"tamGeneticsPCR2p1_25","opentrons_24_tuberack_eppendorf_1.5ml_safelock_snapcap",6,"A1","nest_96_wellplate_100ul_pcr_full_skirt",4,"A4",14.9
"tamGeneticsPCR2p1_26","opentrons_24_tuberack_eppendorf_1.5ml_safelock_snapcap",6,"A1","nest_96_wellplate_100ul_pcr_full_skirt",4,"B4",12.7
"tamGeneticsPCR2p1_27","opentrons_24_tuberack_eppendorf_1.5ml_safelock_snapcap",6,"A1","nest_96_wellplate_100ul_pcr_full_skirt",4,"C4",0
"tamGeneticsPCR2p1_28","opentrons_24_tuberack_eppendorf_1.5ml_safelock_snapcap",6,"A1","nest_96_wellplate_100ul_pcr_full_skirt",4,"D4",12.1
"tamGeneticsPCR2p1_29","opentrons_24_tuberack_eppendorf_1.5ml_safelock_snapcap",6,"A1","nest_96_wellplate_100ul_pcr_full_skirt",4,"E4",14.5
"tamGeneticsPCR2p1_30","opentrons_24_tuberack_eppendorf_1.5ml_safelock_snapcap",6,"A1","nest_96_wellplate_100ul_pcr_full_skirt",4,"F4",15.8
"tamGeneticsPCR2p1_31","opentrons_24_tuberack_eppendorf_1.5ml_safelock_snapcap",6,"A1","nest_96_wellplate_100ul_pcr_full_skirt",4,"G4",14.5
"tamGeneticsPCR2p1_32","opentrons_24_tuberack_eppendorf_1.5ml_safelock_snapcap",6,"A1","nest_96_wellplate_100ul_pcr_full_skirt",4,"H4",11.9
"tamGeneticsPCR2p1_33","opentrons_24_tuberack_eppendorf_1.5ml_safelock_snapcap",6,"A1","nest_96_wellplate_100ul_pcr_full_skirt",4,"A5",10.9
"tamGeneticsPCR2p1_34","opentrons_24_tuberack_eppendorf_1.5ml_safelock_snapcap",6,"A1","nest_96_wellplate_100ul_pcr_full_skirt",4,"B5",13.5
"tamGeneticsPCR2p1_35","opentrons_24_tuberack_eppendorf_1.5ml_safelock_snapcap",6,"A1","nest_96_wellplate_100ul_pcr_full_skirt",4,"C5",15.3
"tamGeneticsPCR2p1_36","opentrons_24_tuberack_eppendorf_1.5ml_safelock_snapcap",6,"A1","nest_96_wellplate_100ul_pcr_full_skirt",4,"D5",11.4
"tamGeneticsPCR2p1_37","opentrons_24_tuberack_eppendorf_1.5ml_safelock_snapcap",6,"A1","nest_96_wellplate_100ul_pcr_full_skirt",4,"E5",14.7
"tamGeneticsPCR2p1_38","opentrons_24_tuberack_eppendorf_1.5ml_safelock_snapcap",6,"A1","nest_96_wellplate_100ul_pcr_full_skirt",4,"F5",14.5
"tamGeneticsPCR2p1_39","opentrons_24_tuberack_eppendorf_1.5ml_safelock_snapcap",6,"A1","nest_96_wellplate_100ul_pcr_full_skirt",4,"G5",17.3
"tamGeneticsPCR2p1_40","opentrons_24_tuberack_eppendorf_1.5ml_safelock_snapcap",6,"A1","nest_96_wellplate_100ul_pcr_full_skirt",4,"H5",13.3
"tamGeneticsPCR2p1_41","opentrons_24_tuberack_eppendorf_1.5ml_safelock_snapcap",6,"A1","nest_96_wellplate_100ul_pcr_full_skirt",4,"A6",14.1
"tamGeneticsPCR2p1_42","opentrons_24_tuberack_eppendorf_1.5ml_safelock_snapcap",6,"A1","nest_96_wellplate_100ul_pcr_full_skirt",4,"B6",10.6
"tamGeneticsPCR2p1_43","opentrons_24_tuberack_eppendorf_1.5ml_safelock_snapcap",6,"A1","nest_96_wellplate_100ul_pcr_full_skirt",4,"C6",13.7
"tamGeneticsPCR2p1_44","opentrons_24_tuberack_eppendorf_1.5ml_safelock_snapcap",6,"A1","nest_96_wellplate_100ul_pcr_full_skirt",4,"D6",5.5
"tamGeneticsPCR2p1_45","opentrons_24_tuberack_eppendorf_1.5ml_safelock_snapcap",6,"A1","nest_96_wellplate_100ul_pcr_full_skirt",4,"E6",0
"tamGeneticsPCR2p1_46","opentrons_24_tuberack_eppendorf_1.5ml_safelock_snapcap",6,"A1","nest_96_wellplate_100ul_pcr_full_skirt",4,"F6",9.5
"tamGeneticsPCR2p1_47","opentrons_24_tuberack_eppendorf_1.5ml_safelock_snapcap",6,"A1","nest_96_wellplate_100ul_pcr_full_skirt",4,"G6",15.6
"tamGeneticsPCR2p1_48","opentrons_24_tuberack_eppendorf_1.5ml_safelock_snapcap",6,"A1","nest_96_wellplate_100ul_pcr_full_skirt",4,"H6",13.4
"tamGeneticsPCR2p1_49","opentrons_24_tuberack_eppendorf_1.5ml_safelock_snapcap",6,"A1","nest_96_wellplate_100ul_pcr_full_skirt",4,"A7",12.5
"tamGeneticsPCR2p1_50","opentrons_24_tuberack_eppendorf_1.5ml_safelock_snapcap",6,"A1","nest_96_wellplate_100ul_pcr_full_skirt",4,"B7",12.3
"tamGeneticsPCR2p1_51","opentrons_24_tuberack_eppendorf_1.5ml_safelock_snapcap",6,"A1","nest_96_wellplate_100ul_pcr_full_skirt",4,"C7",13.4
"tamGeneticsPCR2p1_52","opentrons_24_tuberack_eppendorf_1.5ml_safelock_snapcap",6,"A1","nest_96_wellplate_100ul_pcr_full_skirt",4,"D7",12.8
"tamGeneticsPCR2p1_53","opentrons_24_tuberack_eppendorf_1.5ml_safelock_snapcap",6,"A1","nest_96_wellplate_100ul_pcr_full_skirt",4,"E7",13.7
"tamGeneticsPCR2p1_54","opentrons_24_tuberack_eppendorf_1.5ml_safelock_snapcap",6,"A1","nest_96_wellplate_100ul_pcr_full_skirt",4,"F7",14.8
"tamGeneticsPCR2p1_55","opentrons_24_tuberack_eppendorf_1.5ml_safelock_snapcap",6,"A1","nest_96_wellplate_100ul_pcr_full_skirt",4,"G7",12.6
"tamGeneticsPCR2p1_56","opentrons_24_tuberack_eppendorf_1.5ml_safelock_snapcap",6,"A1","nest_96_wellplate_100ul_pcr_full_skirt",4,"H7",15.4
"tamGeneticsPCR2p1_57","opentrons_24_tuberack_eppendorf_1.5ml_safelock_snapcap",6,"A1","nest_96_wellplate_100ul_pcr_full_skirt",4,"A8",10.8
"tamGeneticsPCR2p1_58","opentrons_24_tuberack_eppendorf_1.5ml_safelock_snapcap",6,"A1","nest_96_wellplate_100ul_pcr_full_skirt",4,"B8",15
"tamGeneticsPCR2p1_59","opentrons_24_tuberack_eppendorf_1.5ml_safelock_snapcap",6,"A1","nest_96_wellplate_100ul_pcr_full_skirt",4,"C8",11.2
"tamGeneticsPCR2p1_60","opentrons_24_tuberack_eppendorf_1.5ml_safelock_snapcap",6,"A1","nest_96_wellplate_100ul_pcr_full_skirt",4,"D8",10.8
"tamGeneticsPCR2p1_61","opentrons_24_tuberack_eppendorf_1.5ml_safelock_snapcap",6,"A1","nest_96_wellplate_100ul_pcr_full_skirt",4,"E8",14.9
"tamGeneticsPCR2p1_62","opentrons_24_tuberack_eppendorf_1.5ml_safelock_snapcap",6,"A1","nest_96_wellplate_100ul_pcr_full_skirt",4,"F8",0
"tamGeneticsPCR2p1_63","opentrons_24_tuberack_eppendorf_1.5ml_safelock_snapcap",6,"A1","nest_96_wellplate_100ul_pcr_full_skirt",4,"G8",7
"tamGeneticsPCR2p1_64","opentrons_24_tuberack_eppendorf_1.5ml_safelock_snapcap",6,"A1","nest_96_wellplate_100ul_pcr_full_skirt",4,"H8",9.2
"tamGeneticsPCR2p1_65","opentrons_24_tuberack_eppendorf_1.5ml_safelock_snapcap",6,"A1","nest_96_wellplate_100ul_pcr_full_skirt",4,"A9",7.7
"tamGeneticsPCR2p1_66","opentrons_24_tuberack_eppendorf_1.5ml_safelock_snapcap",6,"A1","nest_96_wellplate_100ul_pcr_full_skirt",4,"B9",6.9
"tamGeneticsPCR2p1_67","opentrons_24_tuberack_eppendorf_1.5ml_safelock_snapcap",6,"A1","nest_96_wellplate_100ul_pcr_full_skirt",4,"C9",7.8
"tamGeneticsPCR2p1_68","opentrons_24_tuberack_eppendorf_1.5ml_safelock_snapcap",6,"A1","nest_96_wellplate_100ul_pcr_full_skirt",4,"D9",0
"tamGeneticsPCR2p1_69","opentrons_24_tuberack_eppendorf_1.5ml_safelock_snapcap",6,"A1","nest_96_wellplate_100ul_pcr_full_skirt",4,"E9",0
"tamGeneticsPCR2p1_70","opentrons_24_tuberack_eppendorf_1.5ml_safelock_snapcap",6,"A1","nest_96_wellplate_100ul_pcr_full_skirt",4,"F9",0
"tamGeneticsPCR2p1_71","opentrons_24_tuberack_eppendorf_1.5ml_safelock_snapcap",6,"A1","nest_96_wellplate_100ul_pcr_full_skirt",4,"G9",9.4
"tamGeneticsPCR2p1_72","opentrons_24_tuberack_eppendorf_1.5ml_safelock_snapcap",6,"A1","nest_96_wellplate_100ul_pcr_full_skirt",4,"H9",6.9
"tamGeneticsPCR2p1_73","opentrons_24_tuberack_eppendorf_1.5ml_safelock_snapcap",6,"A1","nest_96_wellplate_100ul_pcr_full_skirt",4,"A10",11
"tamGeneticsPCR2p1_74","opentrons_24_tuberack_eppendorf_1.5ml_safelock_snapcap",6,"A1","nest_96_wellplate_100ul_pcr_full_skirt",4,"B10",4.6
"tamGeneticsPCR2p1_75","opentrons_24_tuberack_eppendorf_1.5ml_safelock_snapcap",6,"A1","nest_96_wellplate_100ul_pcr_full_skirt",4,"C10",11.4
"tamGeneticsPCR2p1_76","opentrons_24_tuberack_eppendorf_1.5ml_safelock_snapcap",6,"A1","nest_96_wellplate_100ul_pcr_full_skirt",4,"D10",14.5
"tamGeneticsPCR2p1_77","opentrons_24_tuberack_eppendorf_1.5ml_safelock_snapcap",6,"A1","nest_96_wellplate_100ul_pcr_full_skirt",4,"E10",6.5
"tamGeneticsPCR2p1_78","opentrons_24_tuberack_eppendorf_1.5ml_safelock_snapcap",6,"A1","nest_96_wellplate_100ul_pcr_full_skirt",4,"F10",13
"tamGeneticsPCR2p1_79","opentrons_24_tuberack_eppendorf_1.5ml_safelock_snapcap",6,"A1","nest_96_wellplate_100ul_pcr_full_skirt",4,"G10",13.9
"tamGeneticsPCR2p1_80","opentrons_24_tuberack_eppendorf_1.5ml_safelock_snapcap",6,"A1","nest_96_wellplate_100ul_pcr_full_skirt",4,"H10",10.4
"tamGeneticsPCR2p1_81","opentrons_24_tuberack_eppendorf_1.5ml_safelock_snapcap",6,"A1","nest_96_wellplate_100ul_pcr_full_skirt",4,"A11",0
"tamGeneticsPCR2p1_82","opentrons_24_tuberack_eppendorf_1.5ml_safelock_snapcap",6,"A1","nest_96_wellplate_100ul_pcr_full_skirt",4,"B11",16.4
"tamGeneticsPCR2p1_83","opentrons_24_tuberack_eppendorf_1.5ml_safelock_snapcap",6,"A1","nest_96_wellplate_100ul_pcr_full_skirt",4,"C11",16.6
"tamGeneticsPCR2p1_84","opentrons_24_tuberack_eppendorf_1.5ml_safelock_snapcap",6,"A1","nest_96_wellplate_100ul_pcr_full_skirt",4,"D11",14
"tamGeneticsPCR2p1_85","opentrons_24_tuberack_eppendorf_1.5ml_safelock_snapcap",6,"A1","nest_96_wellplate_100ul_pcr_full_skirt",4,"E11",17.7
"tamGeneticsPCR2p1_86","opentrons_24_tuberack_eppendorf_1.5ml_safelock_snapcap",6,"A1","nest_96_wellplate_100ul_pcr_full_skirt",4,"F11",15.1
"tamGeneticsPCR2p1_87","opentrons_24_tuberack_eppendorf_1.5ml_safelock_snapcap",6,"A1","nest_96_wellplate_100ul_pcr_full_skirt",4,"G11",12.8
"tamGeneticsPCR2p1_88","opentrons_24_tuberack_eppendorf_1.5ml_safelock_snapcap",6,"A1","nest_96_wellplate_100ul_pcr_full_skirt",4,"H11",15.7
"tamGeneticsPCR2p1_89","opentrons_24_tuberack_eppendorf_1.5ml_safelock_snapcap",6,"A1","nest_96_wellplate_100ul_pcr_full_skirt",4,"A12",0
"tamGeneticsPCR2p1_90","opentrons_24_tuberack_eppendorf_1.5ml_safelock_snapcap",6,"A1","nest_96_wellplate_100ul_pcr_full_skirt",4,"B12",13.8
"tamGeneticsPCR2p1_91","opentrons_24_tuberack_eppendorf_1.5ml_safelock_snapcap",6,"A1","nest_96_wellplate_100ul_pcr_full_skirt",4,"C12",2
"tamGeneticsPCR2p1_92","opentrons_24_tuberack_eppendorf_1.5ml_safelock_snapcap",6,"A1","nest_96_wellplate_100ul_pcr_full_skirt",4,"D12",11.1
"tamGeneticsPCR2p1_93","opentrons_24_tuberack_eppendorf_1.5ml_safelock_snapcap",6,"A1","nest_96_wellplate_100ul_pcr_full_skirt",4,"E12",0
"tamGeneticsPCR2p1_94","opentrons_24_tuberack_eppendorf_1.5ml_safelock_snapcap",6,"A1","nest_96_wellplate_100ul_pcr_full_skirt",4,"F12",13.8
"tamGeneticsPCR2p1_95","opentrons_24_tuberack_eppendorf_1.5ml_safelock_snapcap",6,"A1","nest_96_wellplate_100ul_pcr_full_skirt",4,"G12",3
"tamGeneticsPCR2p1_96","opentrons_24_tuberack_eppendorf_1.5ml_safelock_snapcap",6,"A1","nest_96_wellplate_100ul_pcr_full_skirt",4,"H12",7.1
"tamGeneticsPCR2p2_01","opentrons_24_tuberack_eppendorf_1.5ml_safelock_snapcap",6,"A1","nest_96_wellplate_100ul_pcr_full_skirt",7,"A1",6.7
"tamGeneticsPCR2p2_02","opentrons_24_tuberack_eppendorf_1.5ml_safelock_snapcap",6,"A1","nest_96_wellplate_100ul_pcr_full_skirt",7,"B1",6
"tamGeneticsPCR2p2_03","opentrons_24_tuberack_eppendorf_1.5ml_safelock_snapcap",6,"A1","nest_96_wellplate_100ul_pcr_full_skirt",7,"C1",6.6
"tamGeneticsPCR2p2_04","opentrons_24_tuberack_eppendorf_1.5ml_safelock_snapcap",6,"A1","nest_96_wellplate_100ul_pcr_full_skirt",7,"D1",7.5
"tamGeneticsPCR2p2_05","opentrons_24_tuberack_eppendorf_1.5ml_safelock_snapcap",6,"A1","nest_96_wellplate_100ul_pcr_full_skirt",7,"E1",6.2
"tamGeneticsPCR2p2_06","opentrons_24_tuberack_eppendorf_1.5ml_safelock_snapcap",6,"A1","nest_96_wellplate_100ul_pcr_full_skirt",7,"F1",7.8
"tamGeneticsPCR2p2_07","opentrons_24_tuberack_eppendorf_1.5ml_safelock_snapcap",6,"A1","nest_96_wellplate_100ul_pcr_full_skirt",7,"G1",9.4
"tamGeneticsPCR2p2_08","opentrons_24_tuberack_eppendorf_1.5ml_safelock_snapcap",6,"A1","nest_96_wellplate_100ul_pcr_full_skirt",7,"H1",11.4
"tamGeneticsPCR2p2_09","opentrons_24_tuberack_eppendorf_1.5ml_safelock_snapcap",6,"A1","nest_96_wellplate_100ul_pcr_full_skirt",7,"A2",12.8
"tamGeneticsPCR2p2_10","opentrons_24_tuberack_eppendorf_1.5ml_safelock_snapcap",6,"A1","nest_96_wellplate_100ul_pcr_full_skirt",7,"B2",10.8
"tamGeneticsPCR2p2_11","opentrons_24_tuberack_eppendorf_1.5ml_safelock_snapcap",6,"A1","nest_96_wellplate_100ul_pcr_full_skirt",7,"C2",7.8
"tamGeneticsPCR2p2_12","opentrons_24_tuberack_eppendorf_1.5ml_safelock_snapcap",6,"A1","nest_96_wellplate_100ul_pcr_full_skirt",7,"D2",9
"tamGeneticsPCR2p2_13","opentrons_24_tuberack_eppendorf_1.5ml_safelock_snapcap",6,"A1","nest_96_wellplate_100ul_pcr_full_skirt",7,"E2",14
"tamGeneticsPCR2p2_14","opentrons_24_tuberack_eppendorf_1.5ml_safelock_snapcap",6,"A1","nest_96_wellplate_100ul_pcr_full_skirt",7,"F2",15.4
"tamGeneticsPCR2p2_15","opentrons_24_tuberack_eppendorf_1.5ml_safelock_snapcap",6,"A1","nest_96_wellplate_100ul_pcr_full_skirt",7,"G2",2.2
"tamGeneticsPCR2p2_16","opentrons_24_tuberack_eppendorf_1.5ml_safelock_snapcap",6,"A1","nest_96_wellplate_100ul_pcr_full_skirt",7,"H2",9.3
"tamGeneticsPCR2p2_17","opentrons_24_tuberack_eppendorf_1.5ml_safelock_snapcap",6,"A1","nest_96_wellplate_100ul_pcr_full_skirt",7,"A3",18
"tamGeneticsPCR2p2_18","opentrons_24_tuberack_eppendorf_1.5ml_safelock_snapcap",6,"A1","nest_96_wellplate_100ul_pcr_full_skirt",7,"B3",17.7
"tamGeneticsPCR2p2_19","opentrons_24_tuberack_eppendorf_1.5ml_safelock_snapcap",6,"A1","nest_96_wellplate_100ul_pcr_full_skirt",7,"C3",16
"tamGeneticsPCR2p2_20","opentrons_24_tuberack_eppendorf_1.5ml_safelock_snapcap",6,"A1","nest_96_wellplate_100ul_pcr_full_skirt",7,"D3",10.5
"tamGeneticsPCR2p2_21","opentrons_24_tuberack_eppendorf_1.5ml_safelock_snapcap",6,"A1","nest_96_wellplate_100ul_pcr_full_skirt",7,"E3",15.7
"tamGeneticsPCR2p2_22","opentrons_24_tuberack_eppendorf_1.5ml_safelock_snapcap",6,"A1","nest_96_wellplate_100ul_pcr_full_skirt",7,"F3",14.1
"tamGeneticsPCR2p2_23","opentrons_24_tuberack_eppendorf_1.5ml_safelock_snapcap",6,"A1","nest_96_wellplate_100ul_pcr_full_skirt",7,"G3",12.4
"tamGeneticsPCR2p2_24","opentrons_24_tuberack_eppendorf_1.5ml_safelock_snapcap",6,"A1","nest_96_wellplate_100ul_pcr_full_skirt",7,"H3",10.8
"tamGeneticsPCR2p2_25","opentrons_24_tuberack_eppendorf_1.5ml_safelock_snapcap",6,"A1","nest_96_wellplate_100ul_pcr_full_skirt",7,"A4",9.7
"tamGeneticsPCR2p2_26","opentrons_24_tuberack_eppendorf_1.5ml_safelock_snapcap",6,"A1","nest_96_wellplate_100ul_pcr_full_skirt",7,"B4",10.6
"tamGeneticsPCR2p2_27","opentrons_24_tuberack_eppendorf_1.5ml_safelock_snapcap",6,"A1","nest_96_wellplate_100ul_pcr_full_skirt",7,"C4",3.9
"tamGeneticsPCR2p2_28","opentrons_24_tuberack_eppendorf_1.5ml_safelock_snapcap",6,"A1","nest_96_wellplate_100ul_pcr_full_skirt",7,"D4",10.9
"tamGeneticsPCR2p2_29","opentrons_24_tuberack_eppendorf_1.5ml_safelock_snapcap",6,"A1","nest_96_wellplate_100ul_pcr_full_skirt",7,"E4",13.1
"tamGeneticsPCR2p2_30","opentrons_24_tuberack_eppendorf_1.5ml_safelock_snapcap",6,"A1","nest_96_wellplate_100ul_pcr_full_skirt",7,"F4",14.7
"tamGeneticsPCR2p2_31","opentrons_24_tuberack_eppendorf_1.5ml_safelock_snapcap",6,"A1","nest_96_wellplate_100ul_pcr_full_skirt",7,"G4",14.3
"tamGeneticsPCR2p2_32","opentrons_24_tuberack_eppendorf_1.5ml_safelock_snapcap",6,"A1","nest_96_wellplate_100ul_pcr_full_skirt",7,"H4",8.4
"tamGeneticsPCR2p2_33","opentrons_24_tuberack_eppendorf_1.5ml_safelock_snapcap",6,"A1","nest_96_wellplate_100ul_pcr_full_skirt",7,"A5",10.9
"tamGeneticsPCR2p2_34","opentrons_24_tuberack_eppendorf_1.5ml_safelock_snapcap",6,"A1","nest_96_wellplate_100ul_pcr_full_skirt",7,"B5",0
"tamGeneticsPCR2p2_35","opentrons_24_tuberack_eppendorf_1.5ml_safelock_snapcap",6,"A1","nest_96_wellplate_100ul_pcr_full_skirt",7,"C5",15.8
"tamGeneticsPCR2p2_36","opentrons_24_tuberack_eppendorf_1.5ml_safelock_snapcap",6,"A1","nest_96_wellplate_100ul_pcr_full_skirt",7,"D5",12.2
"tamGeneticsPCR2p2_37","opentrons_24_tuberack_eppendorf_1.5ml_safelock_snapcap",6,"A1","nest_96_wellplate_100ul_pcr_full_skirt",7,"E5",14.2
"tamGeneticsPCR2p2_38","opentrons_24_tuberack_eppendorf_1.5ml_safelock_snapcap",6,"A1","nest_96_wellplate_100ul_pcr_full_skirt",7,"F5",15.3
"tamGeneticsPCR2p2_39","opentrons_24_tuberack_eppendorf_1.5ml_safelock_snapcap",6,"A1","nest_96_wellplate_100ul_pcr_full_skirt",7,"G5",14.7
"tamGeneticsPCR2p2_40","opentrons_24_tuberack_eppendorf_1.5ml_safelock_snapcap",6,"A1","nest_96_wellplate_100ul_pcr_full_skirt",7,"H5",10.3
"tamGeneticsPCR2p2_41","opentrons_24_tuberack_eppendorf_1.5ml_safelock_snapcap",6,"A1","nest_96_wellplate_100ul_pcr_full_skirt",7,"A6",13.1
"tamGeneticsPCR2p2_42","opentrons_24_tuberack_eppendorf_1.5ml_safelock_snapcap",6,"A1","nest_96_wellplate_100ul_pcr_full_skirt",7,"B6",12.4
"tamGeneticsPCR2p2_43","opentrons_24_tuberack_eppendorf_1.5ml_safelock_snapcap",6,"B1","nest_96_wellplate_100ul_pcr_full_skirt",7,"C6",13.7
"tamGeneticsPCR2p2_44","opentrons_24_tuberack_eppendorf_1.5ml_safelock_snapcap",6,"B1","nest_96_wellplate_100ul_pcr_full_skirt",7,"D6",9.4
"tamGeneticsPCR2p2_45","opentrons_24_tuberack_eppendorf_1.5ml_safelock_snapcap",6,"B1","nest_96_wellplate_100ul_pcr_full_skirt",7,"E6",15.3
"tamGeneticsPCR2p2_46","opentrons_24_tuberack_eppendorf_1.5ml_safelock_snapcap",6,"B1","nest_96_wellplate_100ul_pcr_full_skirt",7,"F6",13.5
"tamGeneticsPCR2p2_47","opentrons_24_tuberack_eppendorf_1.5ml_safelock_snapcap",6,"B1","nest_96_wellplate_100ul_pcr_full_skirt",7,"G6",13.9
"tamGeneticsPCR2p2_48","opentrons_24_tuberack_eppendorf_1.5ml_safelock_snapcap",6,"B1","nest_96_wellplate_100ul_pcr_full_skirt",7,"H6",7.4
"tamGeneticsPCR2p2_49","opentrons_24_tuberack_eppendorf_1.5ml_safelock_snapcap",6,"B1","nest_96_wellplate_100ul_pcr_full_skirt",7,"A7",13.8
"tamGeneticsPCR2p2_50","opentrons_24_tuberack_eppendorf_1.5ml_safelock_snapcap",6,"B1","nest_96_wellplate_100ul_pcr_full_skirt",7,"B7",15.5
"tamGeneticsPCR2p2_51","opentrons_24_tuberack_eppendorf_1.5ml_safelock_snapcap",6,"B1","nest_96_wellplate_100ul_pcr_full_skirt",7,"C7",11
"tamGeneticsPCR2p2_52","opentrons_24_tuberack_eppendorf_1.5ml_safelock_snapcap",6,"B1","nest_96_wellplate_100ul_pcr_full_skirt",7,"D7",8.4
"tamGeneticsPCR2p2_53","opentrons_24_tuberack_eppendorf_1.5ml_safelock_snapcap",6,"B1","nest_96_wellplate_100ul_pcr_full_skirt",7,"E7",12.8
"tamGeneticsPCR2p2_54","opentrons_24_tuberack_eppendorf_1.5ml_safelock_snapcap",6,"B1","nest_96_wellplate_100ul_pcr_full_skirt",7,"F7",10.6
"tamGeneticsPCR2p2_55","opentrons_24_tuberack_eppendorf_1.5ml_safelock_snapcap",6,"B1","nest_96_wellplate_100ul_pcr_full_skirt",7,"G7",10.7
"tamGeneticsPCR2p2_56","opentrons_24_tuberack_eppendorf_1.5ml_safelock_snapcap",6,"B1","nest_96_wellplate_100ul_pcr_full_skirt",7,"H7",3.3
"tamGeneticsPCR2p2_57","opentrons_24_tuberack_eppendorf_1.5ml_safelock_snapcap",6,"B1","nest_96_wellplate_100ul_pcr_full_skirt",7,"A8",12
"tamGeneticsPCR2p2_58","opentrons_24_tuberack_eppendorf_1.5ml_safelock_snapcap",6,"B1","nest_96_wellplate_100ul_pcr_full_skirt",7,"B8",12.2
"tamGeneticsPCR2p2_59","opentrons_24_tuberack_eppendorf_1.5ml_safelock_snapcap",6,"B1","nest_96_wellplate_100ul_pcr_full_skirt",7,"C8",3.5
"tamGeneticsPCR2p2_60","opentrons_24_tuberack_eppendorf_1.5ml_safelock_snapcap",6,"B1","nest_96_wellplate_100ul_pcr_full_skirt",7,"D8",2.4
"tamGeneticsPCR2p2_61","opentrons_24_tuberack_eppendorf_1.5ml_safelock_snapcap",6,"B1","nest_96_wellplate_100ul_pcr_full_skirt",7,"E8",16
"tamGeneticsPCR2p2_62","opentrons_24_tuberack_eppendorf_1.5ml_safelock_snapcap",6,"B1","nest_96_wellplate_100ul_pcr_full_skirt",7,"F8",13.1
"tamGeneticsPCR2p2_63","opentrons_24_tuberack_eppendorf_1.5ml_safelock_snapcap",6,"B1","nest_96_wellplate_100ul_pcr_full_skirt",7,"G8",14.1
"tamGeneticsPCR2p2_64","opentrons_24_tuberack_eppendorf_1.5ml_safelock_snapcap",6,"B1","nest_96_wellplate_100ul_pcr_full_skirt",7,"H8",9.8
"tamGeneticsPCR2p2_65","opentrons_24_tuberack_eppendorf_1.5ml_safelock_snapcap",6,"B1","nest_96_wellplate_100ul_pcr_full_skirt",7,"A9",0
"tamGeneticsPCR2p2_66","opentrons_24_tuberack_eppendorf_1.5ml_safelock_snapcap",6,"B1","nest_96_wellplate_100ul_pcr_full_skirt",7,"B9",10.4
"tamGeneticsPCR2p2_67","opentrons_24_tuberack_eppendorf_1.5ml_safelock_snapcap",6,"B1","nest_96_wellplate_100ul_pcr_full_skirt",7,"C9",12.4
"tamGeneticsPCR2p2_68","opentrons_24_tuberack_eppendorf_1.5ml_safelock_snapcap",6,"B1","nest_96_wellplate_100ul_pcr_full_skirt",7,"D9",9.7
"tamGeneticsPCR2p2_69","opentrons_24_tuberack_eppendorf_1.5ml_safelock_snapcap",6,"B1","nest_96_wellplate_100ul_pcr_full_skirt",7,"E9",15
"tamGeneticsPCR2p2_70","opentrons_24_tuberack_eppendorf_1.5ml_safelock_snapcap",6,"B1","nest_96_wellplate_100ul_pcr_full_skirt",7,"F9",8.2
"tamGeneticsPCR2p2_71","opentrons_24_tuberack_eppendorf_1.5ml_safelock_snapcap",6,"B1","nest_96_wellplate_100ul_pcr_full_skirt",7,"G9",14
"tamGeneticsPCR2p2_72","opentrons_24_tuberack_eppendorf_1.5ml_safelock_snapcap",6,"B1","nest_96_wellplate_100ul_pcr_full_skirt",7,"H9",12.2
"tamGeneticsPCR2p2_73","opentrons_24_tuberack_eppendorf_1.5ml_safelock_snapcap",6,"B1","nest_96_wellplate_100ul_pcr_full_skirt",7,"A10",9.9
"tamGeneticsPCR2p2_74","opentrons_24_tuberack_eppendorf_1.5ml_safelock_snapcap",6,"B1","nest_96_wellplate_100ul_pcr_full_skirt",7,"B10",11.3
"tamGeneticsPCR2p2_75","opentrons_24_tuberack_eppendorf_1.5ml_safelock_snapcap",6,"B1","nest_96_wellplate_100ul_pcr_full_skirt",7,"C10",13.5
"tamGeneticsPCR2p2_76","opentrons_24_tuberack_eppendorf_1.5ml_safelock_snapcap",6,"B1","nest_96_wellplate_100ul_pcr_full_skirt",7,"D10",7.3
"tamGeneticsPCR2p2_77","opentrons_24_tuberack_eppendorf_1.5ml_safelock_snapcap",6,"B1","nest_96_wellplate_100ul_pcr_full_skirt",7,"E10",14
"tamGeneticsPCR2p2_78","opentrons_24_tuberack_eppendorf_1.5ml_safelock_snapcap",6,"B1","nest_96_wellplate_100ul_pcr_full_skirt",7,"F10",11.1
"tamGeneticsPCR2p2_79","opentrons_24_tuberack_eppendorf_1.5ml_safelock_snapcap",6,"B1","nest_96_wellplate_100ul_pcr_full_skirt",7,"G10",13
"tamGeneticsPCR2p2_80","opentrons_24_tuberack_eppendorf_1.5ml_safelock_snapcap",6,"B1","nest_96_wellplate_100ul_pcr_full_skirt",7,"H10",10.5
"tamGeneticsPCR2p2_81","opentrons_24_tuberack_eppendorf_1.5ml_safelock_snapcap",6,"B1","nest_96_wellplate_100ul_pcr_full_skirt",7,"A11",9
"tamGeneticsPCR2p2_82","opentrons_24_tuberack_eppendorf_1.5ml_safelock_snapcap",6,"B1","nest_96_wellplate_100ul_pcr_full_skirt",7,"B11",4.3
"tamGeneticsPCR2p2_83","opentrons_24_tuberack_eppendorf_1.5ml_safelock_snapcap",6,"B1","nest_96_wellplate_100ul_pcr_full_skirt",7,"C11",9.3
"tamGeneticsPCR2p2_84","opentrons_24_tuberack_eppendorf_1.5ml_safelock_snapcap",6,"B1","nest_96_wellplate_100ul_pcr_full_skirt",7,"D11",0
"tamGeneticsPCR2p2_85","opentrons_24_tuberack_eppendorf_1.5ml_safelock_snapcap",6,"B1","nest_96_wellplate_100ul_pcr_full_skirt",7,"E11",16.5
"tamGeneticsPCR2p2_86","opentrons_24_tuberack_eppendorf_1.5ml_safelock_snapcap",6,"B1","nest_96_wellplate_100ul_pcr_full_skirt",7,"F11",17
"tamGeneticsPCR2p2_87","opentrons_24_tuberack_eppendorf_1.5ml_safelock_snapcap",6,"B1","nest_96_wellplate_100ul_pcr_full_skirt",7,"G11",7.5
"tamGeneticsPCR2p2_88","opentrons_24_tuberack_eppendorf_1.5ml_safelock_snapcap",6,"B1","nest_96_wellplate_100ul_pcr_full_skirt",7,"H11",10.4
"tamGeneticsPCR2p2_89","opentrons_24_tuberack_eppendorf_1.5ml_safelock_snapcap",6,"B1","nest_96_wellplate_100ul_pcr_full_skirt",7,"A12",10.7
"tamGeneticsPCR2p2_90","opentrons_24_tuberack_eppendorf_1.5ml_safelock_snapcap",6,"B1","nest_96_wellplate_100ul_pcr_full_skirt",7,"B12",12.6
"tamGeneticsPCR2p2_91","opentrons_24_tuberack_eppendorf_1.5ml_safelock_snapcap",6,"B1","nest_96_wellplate_100ul_pcr_full_skirt",7,"C12",13.3
"tamGeneticsPCR2p2_92","opentrons_24_tuberack_eppendorf_1.5ml_safelock_snapcap",6,"B1","nest_96_wellplate_100ul_pcr_full_skirt",7,"D12",5.4
"tamGeneticsPCR2p2_93","opentrons_24_tuberack_eppendorf_1.5ml_safelock_snapcap",6,"B1","nest_96_wellplate_100ul_pcr_full_skirt",7,"E12",14.5
"tamGeneticsPCR2p2_94","opentrons_24_tuberack_eppendorf_1.5ml_safelock_snapcap",6,"B1","nest_96_wellplate_100ul_pcr_full_skirt",7,"F12",6.4
"tamGeneticsPCR2p2_95","opentrons_24_tuberack_eppendorf_1.5ml_safelock_snapcap",6,"B1","nest_96_wellplate_100ul_pcr_full_skirt",7,"G12",9.5
"tamGeneticsPCR2p2_96","opentrons_24_tuberack_eppendorf_1.5ml_safelock_snapcap",6,"B1","nest_96_wellplate_100ul_pcr_full_skirt",7,"H12",8.9
"tamGeneticsPCR2p3_01","opentrons_24_tuberack_eppendorf_1.5ml_safelock_snapcap",6,"B1","nest_96_wellplate_100ul_pcr_full_skirt",2,"A1",0
"tamGeneticsPCR2p3_02","opentrons_24_tuberack_eppendorf_1.5ml_safelock_snapcap",6,"B1","nest_96_wellplate_100ul_pcr_full_skirt",2,"B1",0
"tamGeneticsPCR2p3_03","opentrons_24_tuberack_eppendorf_1.5ml_safelock_snapcap",6,"B1","nest_96_wellplate_100ul_pcr_full_skirt",2,"C1",5.1
"tamGeneticsPCR2p3_04","opentrons_24_tuberack_eppendorf_1.5ml_safelock_snapcap",6,"B1","nest_96_wellplate_100ul_pcr_full_skirt",2,"D1",3.9
"tamGeneticsPCR2p3_05","opentrons_24_tuberack_eppendorf_1.5ml_safelock_snapcap",6,"B1","nest_96_wellplate_100ul_pcr_full_skirt",2,"E1",2.7
"tamGeneticsPCR2p3_06","opentrons_24_tuberack_eppendorf_1.5ml_safelock_snapcap",6,"B1","nest_96_wellplate_100ul_pcr_full_skirt",2,"F1",0
"tamGeneticsPCR2p3_07","opentrons_24_tuberack_eppendorf_1.5ml_safelock_snapcap",6,"B1","nest_96_wellplate_100ul_pcr_full_skirt",2,"G1",0
"tamGeneticsPCR2p3_08","opentrons_24_tuberack_eppendorf_1.5ml_safelock_snapcap",6,"B1","nest_96_wellplate_100ul_pcr_full_skirt",2,"H1",0
"tamGeneticsPCR2p3_09","opentrons_24_tuberack_eppendorf_1.5ml_safelock_snapcap",6,"B1","nest_96_wellplate_100ul_pcr_full_skirt",2,"A2",0
"tamGeneticsPCR2p3_10","opentrons_24_tuberack_eppendorf_1.5ml_safelock_snapcap",6,"B1","nest_96_wellplate_100ul_pcr_full_skirt",2,"B2",0
"tamGeneticsPCR2p3_11","opentrons_24_tuberack_eppendorf_1.5ml_safelock_snapcap",6,"B1","nest_96_wellplate_100ul_pcr_full_skirt",2,"C2",0
"tamGeneticsPCR2p3_12","opentrons_24_tuberack_eppendorf_1.5ml_safelock_snapcap",6,"B1","nest_96_wellplate_100ul_pcr_full_skirt",2,"D2",0
"tamGeneticsPCR2p3_13","opentrons_24_tuberack_eppendorf_1.5ml_safelock_snapcap",6,"B1","nest_96_wellplate_100ul_pcr_full_skirt",2,"E2",0
"tamGeneticsPCR2p3_14","opentrons_24_tuberack_eppendorf_1.5ml_safelock_snapcap",6,"B1","nest_96_wellplate_100ul_pcr_full_skirt",2,"F2",2.7
"tamGeneticsPCR2p3_15","opentrons_24_tuberack_eppendorf_1.5ml_safelock_snapcap",6,"B1","nest_96_wellplate_100ul_pcr_full_skirt",2,"G2",0
"tamGeneticsPCR2p3_16","opentrons_24_tuberack_eppendorf_1.5ml_safelock_snapcap",6,"B1","nest_96_wellplate_100ul_pcr_full_skirt",2,"H2",0
"tamGeneticsPCR2p3_17","opentrons_24_tuberack_eppendorf_1.5ml_safelock_snapcap",6,"B1","nest_96_wellplate_100ul_pcr_full_skirt",2,"A3",7.7
"tamGeneticsPCR2p3_18","opentrons_24_tuberack_eppendorf_1.5ml_safelock_snapcap",6,"B1","nest_96_wellplate_100ul_pcr_full_skirt",2,"B3",7.1
"tamGeneticsPCR2p3_19","opentrons_24_tuberack_eppendorf_1.5ml_safelock_snapcap",6,"B1","nest_96_wellplate_100ul_pcr_full_skirt",2,"C3",8.9
"tamGeneticsPCR2p3_20","opentrons_24_tuberack_eppendorf_1.5ml_safelock_snapcap",6,"B1","nest_96_wellplate_100ul_pcr_full_skirt",2,"D3",0
"tamGeneticsPCR2p3_21","opentrons_24_tuberack_eppendorf_1.5ml_safelock_snapcap",6,"B1","nest_96_wellplate_100ul_pcr_full_skirt",2,"E3",12.5
"tamGeneticsPCR2p3_22","opentrons_24_tuberack_eppendorf_1.5ml_safelock_snapcap",6,"B1","nest_96_wellplate_100ul_pcr_full_skirt",2,"F3",11.4
"tamGeneticsPCR2p3_23","opentrons_24_tuberack_eppendorf_1.5ml_safelock_snapcap",6,"B1","nest_96_wellplate_100ul_pcr_full_skirt",2,"G3",10.5
"tamGeneticsPCR2p3_24","opentrons_24_tuberack_eppendorf_1.5ml_safelock_snapcap",6,"B1","nest_96_wellplate_100ul_pcr_full_skirt",2,"H3",5.7
"tamGeneticsPCR2p3_25","opentrons_24_tuberack_eppendorf_1.5ml_safelock_snapcap",6,"B1","nest_96_wellplate_100ul_pcr_full_skirt",2,"A4",0
"tamGeneticsPCR2p3_26","opentrons_24_tuberack_eppendorf_1.5ml_safelock_snapcap",6,"B1","nest_96_wellplate_100ul_pcr_full_skirt",2,"B4",0
"tamGeneticsPCR2p3_27","opentrons_24_tuberack_eppendorf_1.5ml_safelock_snapcap",6,"B1","nest_96_wellplate_100ul_pcr_full_skirt",2,"C4",0
"tamGeneticsPCR2p3_28","opentrons_24_tuberack_eppendorf_1.5ml_safelock_snapcap",6,"B1","nest_96_wellplate_100ul_pcr_full_skirt",2,"D4",4.9
"tamGeneticsPCR2p3_29","opentrons_24_tuberack_eppendorf_1.5ml_safelock_snapcap",6,"B1","nest_96_wellplate_100ul_pcr_full_skirt",2,"E4",0
"tamGeneticsPCR2p3_30","opentrons_24_tuberack_eppendorf_1.5ml_safelock_snapcap",6,"B1","nest_96_wellplate_100ul_pcr_full_skirt",2,"F4",0
"tamGeneticsPCR2p3_31","opentrons_24_tuberack_eppendorf_1.5ml_safelock_snapcap",6,"B1","nest_96_wellplate_100ul_pcr_full_skirt",2,"G4",0
"tamGeneticsPCR2p3_32","opentrons_24_tuberack_eppendorf_1.5ml_safelock_snapcap",6,"B1","nest_96_wellplate_100ul_pcr_full_skirt",2,"H4",2.5
"tamGeneticsPCR2p3_33","opentrons_24_tuberack_eppendorf_1.5ml_safelock_snapcap",6,"B1","nest_96_wellplate_100ul_pcr_full_skirt",2,"A5",0
"tamGeneticsPCR2p3_34","opentrons_24_tuberack_eppendorf_1.5ml_safelock_snapcap",6,"B1","nest_96_wellplate_100ul_pcr_full_skirt",2,"B5",7.3
"tamGeneticsPCR2p3_35","opentrons_24_tuberack_eppendorf_1.5ml_safelock_snapcap",6,"B1","nest_96_wellplate_100ul_pcr_full_skirt",2,"C5",0
"tamGeneticsPCR2p3_36","opentrons_24_tuberack_eppendorf_1.5ml_safelock_snapcap",6,"B1","nest_96_wellplate_100ul_pcr_full_skirt",2,"D5",6.8
"tamGeneticsPCR2p3_37","opentrons_24_tuberack_eppendorf_1.5ml_safelock_snapcap",6,"B1","nest_96_wellplate_100ul_pcr_full_skirt",2,"E5",7.2
"tamGeneticsPCR2p3_38","opentrons_24_tuberack_eppendorf_1.5ml_safelock_snapcap",6,"B1","nest_96_wellplate_100ul_pcr_full_skirt",2,"F5",6.4
"tamGeneticsPCR2p3_39","opentrons_24_tuberack_eppendorf_1.5ml_safelock_snapcap",6,"B1","nest_96_wellplate_100ul_pcr_full_skirt",2,"G5",10
"tamGeneticsPCR2p3_40","opentrons_24_tuberack_eppendorf_1.5ml_safelock_snapcap",6,"B1","nest_96_wellplate_100ul_pcr_full_skirt",2,"H5",8.1
"tamGeneticsPCR2p3_41","opentrons_24_tuberack_eppendorf_1.5ml_safelock_snapcap",6,"B1","nest_96_wellplate_100ul_pcr_full_skirt",2,"A6",6.6
"tamGeneticsPCR2p3_42","opentrons_24_tuberack_eppendorf_1.5ml_safelock_snapcap",6,"B1","nest_96_wellplate_100ul_pcr_full_skirt",2,"B6",11
"tamGeneticsPCR2p3_43","opentrons_24_tuberack_eppendorf_1.5ml_safelock_snapcap",6,"B1","nest_96_wellplate_100ul_pcr_full_skirt",2,"C6",6.6
"tamGeneticsPCR2p3_44","opentrons_24_tuberack_eppendorf_1.5ml_safelock_snapcap",6,"B1","nest_96_wellplate_100ul_pcr_full_skirt",2,"D6",3.7
"tamGeneticsPCR2p3_45","opentrons_24_tuberack_eppendorf_1.5ml_safelock_snapcap",6,"B1","nest_96_wellplate_100ul_pcr_full_skirt",2,"E6",0
"tamGeneticsPCR2p3_46","opentrons_24_tuberack_eppendorf_1.5ml_safelock_snapcap",6,"B1","nest_96_wellplate_100ul_pcr_full_skirt",2,"F6",0
"tamGeneticsPCR2p3_47","opentrons_24_tuberack_eppendorf_1.5ml_safelock_snapcap",6,"B1","nest_96_wellplate_100ul_pcr_full_skirt",2,"G6",2.1
"tamGeneticsPCR2p3_48","opentrons_24_tuberack_eppendorf_1.5ml_safelock_snapcap",6,"B1","nest_96_wellplate_100ul_pcr_full_skirt",2,"H6",6.4
"tamGeneticsPCR2p3_49","opentrons_24_tuberack_eppendorf_1.5ml_safelock_snapcap",6,"B1","nest_96_wellplate_100ul_pcr_full_skirt",2,"A7",0
"tamGeneticsPCR2p3_50","opentrons_24_tuberack_eppendorf_1.5ml_safelock_snapcap",6,"B1","nest_96_wellplate_100ul_pcr_full_skirt",2,"B7",10.4
"tamGeneticsPCR2p3_51","opentrons_24_tuberack_eppendorf_1.5ml_safelock_snapcap",6,"B1","nest_96_wellplate_100ul_pcr_full_skirt",2,"C7",6.2
"tamGeneticsPCR2p3_52","opentrons_24_tuberack_eppendorf_1.5ml_safelock_snapcap",6,"B1","nest_96_wellplate_100ul_pcr_full_skirt",2,"D7",7.1
"tamGeneticsPCR2p3_53","opentrons_24_tuberack_eppendorf_1.5ml_safelock_snapcap",6,"B1","nest_96_wellplate_100ul_pcr_full_skirt",2,"E7",0
"tamGeneticsPCR2p3_54","opentrons_24_tuberack_eppendorf_1.5ml_safelock_snapcap",6,"B1","nest_96_wellplate_100ul_pcr_full_skirt",2,"F7",6.1
"tamGeneticsPCR2p3_55","opentrons_24_tuberack_eppendorf_1.5ml_safelock_snapcap",6,"B1","nest_96_wellplate_100ul_pcr_full_skirt",2,"G7",9.4
"tamGeneticsPCR2p3_56","opentrons_24_tuberack_eppendorf_1.5ml_safelock_snapcap",6,"B1","nest_96_wellplate_100ul_pcr_full_skirt",2,"H7",0
"tamGeneticsPCR2p3_57","opentrons_24_tuberack_eppendorf_1.5ml_safelock_snapcap",6,"B1","nest_96_wellplate_100ul_pcr_full_skirt",2,"A8",0
"tamGeneticsPCR2p3_58","opentrons_24_tuberack_eppendorf_1.5ml_safelock_snapcap",6,"B1","nest_96_wellplate_100ul_pcr_full_skirt",2,"B8",5.6
"tamGeneticsPCR2p3_59","opentrons_24_tuberack_eppendorf_1.5ml_safelock_snapcap",6,"B1","nest_96_wellplate_100ul_pcr_full_skirt",2,"C8",3.2
"tamGeneticsPCR2p3_60","opentrons_24_tuberack_eppendorf_1.5ml_safelock_snapcap",6,"B1","nest_96_wellplate_100ul_pcr_full_skirt",2,"D8",4.1
"tamGeneticsPCR2p3_61","opentrons_24_tuberack_eppendorf_1.5ml_safelock_snapcap",6,"B1","nest_96_wellplate_100ul_pcr_full_skirt",2,"E8",0
"tamGeneticsPCR2p3_62","opentrons_24_tuberack_eppendorf_1.5ml_safelock_snapcap",6,"B1","nest_96_wellplate_100ul_pcr_full_skirt",2,"F8",3.1
"tamGeneticsPCR2p3_63","opentrons_24_tuberack_eppendorf_1.5ml_safelock_snapcap",6,"B1","nest_96_wellplate_100ul_pcr_full_skirt",2,"G8",0
"tamGeneticsPCR2p3_64","opentrons_24_tuberack_eppendorf_1.5ml_safelock_snapcap",6,"B1","nest_96_wellplate_100ul_pcr_full_skirt",2,"H8",0
"tamGeneticsPCR2p3_65","opentrons_24_tuberack_eppendorf_1.5ml_safelock_snapcap",6,"B1","nest_96_wellplate_100ul_pcr_full_skirt",2,"A9",0
"tamGeneticsPCR2p3_66","opentrons_24_tuberack_eppendorf_1.5ml_safelock_snapcap",6,"B1","nest_96_wellplate_100ul_pcr_full_skirt",2,"B9",0
"tamGeneticsPCR2p3_67","opentrons_24_tuberack_eppendorf_1.5ml_safelock_snapcap",6,"B1","nest_96_wellplate_100ul_pcr_full_skirt",2,"C9",0
"tamGeneticsPCR2p3_68","opentrons_24_tuberack_eppendorf_1.5ml_safelock_snapcap",6,"B1","nest_96_wellplate_100ul_pcr_full_skirt",2,"D9",0
"tamGeneticsPCR2p3_69","opentrons_24_tuberack_eppendorf_1.5ml_safelock_snapcap",6,"B1","nest_96_wellplate_100ul_pcr_full_skirt",2,"E9",0
"tamGeneticsPCR2p3_70","opentrons_24_tuberack_eppendorf_1.5ml_safelock_snapcap",6,"B1","nest_96_wellplate_100ul_pcr_full_skirt",2,"F9",0
"tamGeneticsPCR2p3_71","opentrons_24_tuberack_eppendorf_1.5ml_safelock_snapcap",6,"B1","nest_96_wellplate_100ul_pcr_full_skirt",2,"G9",0
"tamGeneticsPCR2p3_72","opentrons_24_tuberack_eppendorf_1.5ml_safelock_snapcap",6,"B1","nest_96_wellplate_100ul_pcr_full_skirt",2,"H9",0
"tamGeneticsPCR2p3_73","opentrons_24_tuberack_eppendorf_1.5ml_safelock_snapcap",6,"B1","nest_96_wellplate_100ul_pcr_full_skirt",2,"A10",0
"tamGeneticsPCR2p3_74","opentrons_24_tuberack_eppendorf_1.5ml_safelock_snapcap",6,"B1","nest_96_wellplate_100ul_pcr_full_skirt",2,"B10",11.7
"tamGeneticsPCR2p3_75","opentrons_24_tuberack_eppendorf_1.5ml_safelock_snapcap",6,"B1","nest_96_wellplate_100ul_pcr_full_skirt",2,"C10",4
"tamGeneticsPCR2p3_76","opentrons_24_tuberack_eppendorf_1.5ml_safelock_snapcap",6,"B1","nest_96_wellplate_100ul_pcr_full_skirt",2,"D10",6.2
"tamGeneticsPCR2p3_77","opentrons_24_tuberack_eppendorf_1.5ml_safelock_snapcap",6,"B1","nest_96_wellplate_100ul_pcr_full_skirt",2,"E10",6.3
"tamGeneticsPCR2p3_78","opentrons_24_tuberack_eppendorf_1.5ml_safelock_snapcap",6,"B1","nest_96_wellplate_100ul_pcr_full_skirt",2,"F10",4.5
"tamGeneticsPCR2p3_79","opentrons_24_tuberack_eppendorf_1.5ml_safelock_snapcap",6,"B1","nest_96_wellplate_100ul_pcr_full_skirt",2,"G10",0
"tamGeneticsPCR2p3_80","opentrons_24_tuberack_eppendorf_1.5ml_safelock_snapcap",6,"B1","nest_96_wellplate_100ul_pcr_full_skirt",2,"H10",0
"tamGeneticsPCR2p3_81","opentrons_24_tuberack_eppendorf_1.5ml_safelock_snapcap",6,"B1","nest_96_wellplate_100ul_pcr_full_skirt",2,"A11",0
"tamGeneticsPCR2p3_82","opentrons_24_tuberack_eppendorf_1.5ml_safelock_snapcap",6,"B1","nest_96_wellplate_100ul_pcr_full_skirt",2,"B11",6.9
"tamGeneticsPCR2p3_83","opentrons_24_tuberack_eppendorf_1.5ml_safelock_snapcap",6,"B1","nest_96_wellplate_100ul_pcr_full_skirt",2,"C11",0
"tamGeneticsPCR2p3_84","opentrons_24_tuberack_eppendorf_1.5ml_safelock_snapcap",6,"B1","nest_96_wellplate_100ul_pcr_full_skirt",2,"D11",7.3
"tamGeneticsPCR2p3_85","opentrons_24_tuberack_eppendorf_1.5ml_safelock_snapcap",6,"B1","nest_96_wellplate_100ul_pcr_full_skirt",2,"E11",9.7
"tamGeneticsPCR2p3_86","opentrons_24_tuberack_eppendorf_1.5ml_safelock_snapcap",6,"B1","nest_96_wellplate_100ul_pcr_full_skirt",2,"F11",11.3
"tamGeneticsPCR2p3_87","opentrons_24_tuberack_eppendorf_1.5ml_safelock_snapcap",6,"B1","nest_96_wellplate_100ul_pcr_full_skirt",2,"G11",3.4
"tamGeneticsPCR2p3_88","opentrons_24_tuberack_eppendorf_1.5ml_safelock_snapcap",6,"B1","nest_96_wellplate_100ul_pcr_full_skirt",2,"H11",3.2
"tamGeneticsPCR2p3_89","opentrons_24_tuberack_eppendorf_1.5ml_safelock_snapcap",6,"B1","nest_96_wellplate_100ul_pcr_full_skirt",2,"A12",0
"tamGeneticsPCR2p3_90","opentrons_24_tuberack_eppendorf_1.5ml_safelock_snapcap",6,"B1","nest_96_wellplate_100ul_pcr_full_skirt",2,"B12",0
"tamGeneticsPCR2p3_91","opentrons_24_tuberack_eppendorf_1.5ml_safelock_snapcap",6,"B1","nest_96_wellplate_100ul_pcr_full_skirt",2,"C12",2.3
"tamGeneticsPCR2p3_92","opentrons_24_tuberack_eppendorf_1.5ml_safelock_snapcap",6,"B1","nest_96_wellplate_100ul_pcr_full_skirt",2,"D12",6.2
"tamGeneticsPCR2p3_93","opentrons_24_tuberack_eppendorf_1.5ml_safelock_snapcap",6,"B1","nest_96_wellplate_100ul_pcr_full_skirt",2,"E12",0
"tamGeneticsPCR2p3_94","opentrons_24_tuberack_eppendorf_1.5ml_safelock_snapcap",6,"B1","nest_96_wellplate_100ul_pcr_full_skirt",2,"F12",5.8
"tamGeneticsPCR2p3_95","opentrons_24_tuberack_eppendorf_1.5ml_safelock_snapcap",6,"B1","nest_96_wellplate_100ul_pcr_full_skirt",2,"G12",3.6
"tamGeneticsPCR2p3_96","opentrons_24_tuberack_eppendorf_1.5ml_safelock_snapcap",6,"B1","nest_96_wellplate_100ul_pcr_full_skirt",2,"H12",0
"tamGeneticsPCR2p4_01","opentrons_24_tuberack_eppendorf_1.5ml_safelock_snapcap",6,"B1","nest_96_wellplate_100ul_pcr_full_skirt",5,"A1",10
"tamGeneticsPCR2p4_02","opentrons_24_tuberack_eppendorf_1.5ml_safelock_snapcap",6,"B1","nest_96_wellplate_100ul_pcr_full_skirt",5,"B1",7.9
"tamGeneticsPCR2p4_03","opentrons_24_tuberack_eppendorf_1.5ml_safelock_snapcap",6,"B1","nest_96_wellplate_100ul_pcr_full_skirt",5,"C1",12.7
"tamGeneticsPCR2p4_04","opentrons_24_tuberack_eppendorf_1.5ml_safelock_snapcap",6,"B1","nest_96_wellplate_100ul_pcr_full_skirt",5,"D1",7.4
"tamGeneticsPCR2p4_05","opentrons_24_tuberack_eppendorf_1.5ml_safelock_snapcap",6,"B1","nest_96_wellplate_100ul_pcr_full_skirt",5,"E1",8.1
"tamGeneticsPCR2p4_06","opentrons_24_tuberack_eppendorf_1.5ml_safelock_snapcap",6,"B1","nest_96_wellplate_100ul_pcr_full_skirt",5,"F1",10.6
"tamGeneticsPCR2p4_07","opentrons_24_tuberack_eppendorf_1.5ml_safelock_snapcap",6,"B1","nest_96_wellplate_100ul_pcr_full_skirt",5,"G1",9
"tamGeneticsPCR2p4_08","opentrons_24_tuberack_eppendorf_1.5ml_safelock_snapcap",6,"B1","nest_96_wellplate_100ul_pcr_full_skirt",5,"H1",4.8
"tamGeneticsPCR2p4_09","opentrons_24_tuberack_eppendorf_1.5ml_safelock_snapcap",6,"B1","nest_96_wellplate_100ul_pcr_full_skirt",5,"A2",6.7
"tamGeneticsPCR2p4_10","opentrons_24_tuberack_eppendorf_1.5ml_safelock_snapcap",6,"B1","nest_96_wellplate_100ul_pcr_full_skirt",5,"B2",9.5
"tamGeneticsPCR2p4_11","opentrons_24_tuberack_eppendorf_1.5ml_safelock_snapcap",6,"B1","nest_96_wellplate_100ul_pcr_full_skirt",5,"C2",7.9
"tamGeneticsPCR2p4_12","opentrons_24_tuberack_eppendorf_1.5ml_safelock_snapcap",6,"B1","nest_96_wellplate_100ul_pcr_full_skirt",5,"D2",5.1
"tamGeneticsPCR2p4_13","opentrons_24_tuberack_eppendorf_1.5ml_safelock_snapcap",6,"B1","nest_96_wellplate_100ul_pcr_full_skirt",5,"E2",6
"tamGeneticsPCR2p4_14","opentrons_24_tuberack_eppendorf_1.5ml_safelock_snapcap",6,"B1","nest_96_wellplate_100ul_pcr_full_skirt",5,"F2",2.1
"tamGeneticsPCR2p4_15","opentrons_24_tuberack_eppendorf_1.5ml_safelock_snapcap",6,"B1","nest_96_wellplate_100ul_pcr_full_skirt",5,"G2",0
"tamGeneticsPCR2p4_16","opentrons_24_tuberack_eppendorf_1.5ml_safelock_snapcap",6,"B1","nest_96_wellplate_100ul_pcr_full_skirt",5,"H2",0
"tamGeneticsPCR2p4_17","opentrons_24_tuberack_eppendorf_1.5ml_safelock_snapcap",6,"B1","nest_96_wellplate_100ul_pcr_full_skirt",5,"A3",2.5
"tamGeneticsPCR2p4_18","opentrons_24_tuberack_eppendorf_1.5ml_safelock_snapcap",6,"B1","nest_96_wellplate_100ul_pcr_full_skirt",5,"B3",0
"tamGeneticsPCR2p4_19","opentrons_24_tuberack_eppendorf_1.5ml_safelock_snapcap",6,"B1","nest_96_wellplate_100ul_pcr_full_skirt",5,"C3",2.9
"tamGeneticsPCR2p4_20","opentrons_24_tuberack_eppendorf_1.5ml_safelock_snapcap",6,"B1","nest_96_wellplate_100ul_pcr_full_skirt",5,"D3",0
"tamGeneticsPCR2p4_21","opentrons_24_tuberack_eppendorf_1.5ml_safelock_snapcap",6,"B1","nest_96_wellplate_100ul_pcr_full_skirt",5,"E3",2.1
"tamGeneticsPCR2p4_22","opentrons_24_tuberack_eppendorf_1.5ml_safelock_snapcap",6,"B1","nest_96_wellplate_100ul_pcr_full_skirt",5,"F3",0
"tamGeneticsPCR2p4_23","opentrons_24_tuberack_eppendorf_1.5ml_safelock_snapcap",6,"B1","nest_96_wellplate_100ul_pcr_full_skirt",5,"G3",4
"tamGeneticsPCR2p4_24","opentrons_24_tuberack_eppendorf_1.5ml_safelock_snapcap",6,"B1","nest_96_wellplate_100ul_pcr_full_skirt",5,"H3",5.5
"tamGeneticsPCR2p4_25","opentrons_24_tuberack_eppendorf_1.5ml_safelock_snapcap",6,"B1","nest_96_wellplate_100ul_pcr_full_skirt",5,"A4",3.9
"tamGeneticsPCR2p4_26","opentrons_24_tuberack_eppendorf_1.5ml_safelock_snapcap",6,"B1","nest_96_wellplate_100ul_pcr_full_skirt",5,"B4",8.2
"tamGeneticsPCR2p4_27","opentrons_24_tuberack_eppendorf_1.5ml_safelock_snapcap",6,"B1","nest_96_wellplate_100ul_pcr_full_skirt",5,"C4",3.4
"tamGeneticsPCR2p4_28","opentrons_24_tuberack_eppendorf_1.5ml_safelock_snapcap",6,"B1","nest_96_wellplate_100ul_pcr_full_skirt",5,"D4",2.7
"tamGeneticsPCR2p4_29","opentrons_24_tuberack_eppendorf_1.5ml_safelock_snapcap",6,"B1","nest_96_wellplate_100ul_pcr_full_skirt",5,"E4",0
"tamGeneticsPCR2p4_30","opentrons_24_tuberack_eppendorf_1.5ml_safelock_snapcap",6,"B1","nest_96_wellplate_100ul_pcr_full_skirt",5,"F4",0
"tamGeneticsPCR2p4_31","opentrons_24_tuberack_eppendorf_1.5ml_safelock_snapcap",6,"B1","nest_96_wellplate_100ul_pcr_full_skirt",5,"G4",0
"tamGeneticsPCR2p4_32","opentrons_24_tuberack_eppendorf_1.5ml_safelock_snapcap",6,"B1","nest_96_wellplate_100ul_pcr_full_skirt",5,"H4",0
"tamGeneticsPCR2p4_33","opentrons_24_tuberack_eppendorf_1.5ml_safelock_snapcap",6,"B1","nest_96_wellplate_100ul_pcr_full_skirt",5,"A5",8.5
"tamGeneticsPCR2p4_34","opentrons_24_tuberack_eppendorf_1.5ml_safelock_snapcap",6,"B1","nest_96_wellplate_100ul_pcr_full_skirt",5,"B5",2.9
"tamGeneticsPCR2p4_35","opentrons_24_tuberack_eppendorf_1.5ml_safelock_snapcap",6,"B1","nest_96_wellplate_100ul_pcr_full_skirt",5,"C5",4.6
"tamGeneticsPCR2p4_36","opentrons_24_tuberack_eppendorf_1.5ml_safelock_snapcap",6,"B1","nest_96_wellplate_100ul_pcr_full_skirt",5,"D5",0
"tamGeneticsPCR2p4_37","opentrons_24_tuberack_eppendorf_1.5ml_safelock_snapcap",6,"B1","nest_96_wellplate_100ul_pcr_full_skirt",5,"E5",0
"tamGeneticsPCR2p4_38","opentrons_24_tuberack_eppendorf_1.5ml_safelock_snapcap",6,"B1","nest_96_wellplate_100ul_pcr_full_skirt",5,"F5",0
"tamGeneticsPCR2p4_39","opentrons_24_tuberack_eppendorf_1.5ml_safelock_snapcap",6,"B1","nest_96_wellplate_100ul_pcr_full_skirt",5,"G5",4.4
"tamGeneticsPCR2p4_40","opentrons_24_tuberack_eppendorf_1.5ml_safelock_snapcap",6,"B1","nest_96_wellplate_100ul_pcr_full_skirt",5,"H5",3.4
"tamGeneticsPCR2p4_41","opentrons_24_tuberack_eppendorf_1.5ml_safelock_snapcap",6,"B1","nest_96_wellplate_100ul_pcr_full_skirt",5,"A6",11.8
"tamGeneticsPCR2p4_42","opentrons_24_tuberack_eppendorf_1.5ml_safelock_snapcap",6,"B1","nest_96_wellplate_100ul_pcr_full_skirt",5,"B6",11
"tamGeneticsPCR2p4_43","opentrons_24_tuberack_eppendorf_1.5ml_safelock_snapcap",6,"B1","nest_96_wellplate_100ul_pcr_full_skirt",5,"C6",9.6
"tamGeneticsPCR2p4_44","opentrons_24_tuberack_eppendorf_1.5ml_safelock_snapcap",6,"B1","nest_96_wellplate_100ul_pcr_full_skirt",5,"D6",2
"tamGeneticsPCR2p4_45","opentrons_24_tuberack_eppendorf_1.5ml_safelock_snapcap",6,"B1","nest_96_wellplate_100ul_pcr_full_skirt",5,"E6",7.2
"tamGeneticsPCR2p4_46","opentrons_24_tuberack_eppendorf_1.5ml_safelock_snapcap",6,"B1","nest_96_wellplate_100ul_pcr_full_skirt",5,"F6",9.4
"tamGeneticsPCR2p4_47","opentrons_24_tuberack_eppendorf_1.5ml_safelock_snapcap",6,"B1","nest_96_wellplate_100ul_pcr_full_skirt",5,"G6",6.2
"tamGeneticsPCR2p4_48","opentrons_24_tuberack_eppendorf_1.5ml_safelock_snapcap",6,"B1","nest_96_wellplate_100ul_pcr_full_skirt",5,"H6",4.9
"tamGeneticsPCR2p4_49","opentrons_24_tuberack_eppendorf_1.5ml_safelock_snapcap",6,"B1","nest_96_wellplate_100ul_pcr_full_skirt",5,"A7",0
"tamGeneticsPCR2p4_50","opentrons_24_tuberack_eppendorf_1.5ml_safelock_snapcap",6,"B1","nest_96_wellplate_100ul_pcr_full_skirt",5,"B7",9
"tamGeneticsPCR2p4_51","opentrons_24_tuberack_eppendorf_1.5ml_safelock_snapcap",6,"B1","nest_96_wellplate_100ul_pcr_full_skirt",5,"C7",12.2
"tamGeneticsPCR2p4_52","opentrons_24_tuberack_eppendorf_1.5ml_safelock_snapcap",6,"B1","nest_96_wellplate_100ul_pcr_full_skirt",5,"D7",0
"tamGeneticsPCR2p4_53","opentrons_24_tuberack_eppendorf_1.5ml_safelock_snapcap",6,"B1","nest_96_wellplate_100ul_pcr_full_skirt",5,"E7",5.9
"tamGeneticsPCR2p4_54","opentrons_24_tuberack_eppendorf_1.5ml_safelock_snapcap",6,"B1","nest_96_wellplate_100ul_pcr_full_skirt",5,"F7",4.9
"tamGeneticsPCR2p4_55","opentrons_24_tuberack_eppendorf_1.5ml_safelock_snapcap",6,"B1","nest_96_wellplate_100ul_pcr_full_skirt",5,"G7",5.5
"tamGeneticsPCR2p4_56","opentrons_24_tuberack_eppendorf_1.5ml_safelock_snapcap",6,"B1","nest_96_wellplate_100ul_pcr_full_skirt",5,"H7",5.7
"tamGeneticsPCR2p4_57","opentrons_24_tuberack_eppendorf_1.5ml_safelock_snapcap",6,"B1","nest_96_wellplate_100ul_pcr_full_skirt",5,"A8",5.5
"tamGeneticsPCR2p4_58","opentrons_24_tuberack_eppendorf_1.5ml_safelock_snapcap",6,"B1","nest_96_wellplate_100ul_pcr_full_skirt",5,"B8",3.6
"tamGeneticsPCR2p4_59","opentrons_24_tuberack_eppendorf_1.5ml_safelock_snapcap",6,"B1","nest_96_wellplate_100ul_pcr_full_skirt",5,"C8",3.5
"tamGeneticsPCR2p4_60","opentrons_24_tuberack_eppendorf_1.5ml_safelock_snapcap",6,"B1","nest_96_wellplate_100ul_pcr_full_skirt",5,"D8",0
"tamGeneticsPCR2p4_61","opentrons_24_tuberack_eppendorf_1.5ml_safelock_snapcap",6,"B1","nest_96_wellplate_100ul_pcr_full_skirt",5,"E8",0
"tamGeneticsPCR2p4_62","opentrons_24_tuberack_eppendorf_1.5ml_safelock_snapcap",6,"B1","nest_96_wellplate_100ul_pcr_full_skirt",5,"F8",4.3
"tamGeneticsPCR2p4_63","opentrons_24_tuberack_eppendorf_1.5ml_safelock_snapcap",6,"B1","nest_96_wellplate_100ul_pcr_full_skirt",5,"G8",0
"tamGeneticsPCR2p4_64","opentrons_24_tuberack_eppendorf_1.5ml_safelock_snapcap",6,"B1","nest_96_wellplate_100ul_pcr_full_skirt",5,"H8",0
"tamGeneticsPCR2p4_65","opentrons_24_tuberack_eppendorf_1.5ml_safelock_snapcap",6,"B1","nest_96_wellplate_100ul_pcr_full_skirt",5,"A9",5
"tamGeneticsPCR2p4_66","opentrons_24_tuberack_eppendorf_1.5ml_safelock_snapcap",6,"B1","nest_96_wellplate_100ul_pcr_full_skirt",5,"B9",4.2
"tamGeneticsPCR2p4_67","opentrons_24_tuberack_eppendorf_1.5ml_safelock_snapcap",6,"B1","nest_96_wellplate_100ul_pcr_full_skirt",5,"C9",6.3
"tamGeneticsPCR2p4_68","opentrons_24_tuberack_eppendorf_1.5ml_safelock_snapcap",6,"B1","nest_96_wellplate_100ul_pcr_full_skirt",5,"D9",5.6
"tamGeneticsPCR2p4_69","opentrons_24_tuberack_eppendorf_1.5ml_safelock_snapcap",6,"B1","nest_96_wellplate_100ul_pcr_full_skirt",5,"E9",8.3
"tamGeneticsPCR2p4_70","opentrons_24_tuberack_eppendorf_1.5ml_safelock_snapcap",6,"B1","nest_96_wellplate_100ul_pcr_full_skirt",5,"F9",6.8
"tamGeneticsPCR2p4_71","opentrons_24_tuberack_eppendorf_1.5ml_safelock_snapcap",6,"B1","nest_96_wellplate_100ul_pcr_full_skirt",5,"G9",5.2
"tamGeneticsPCR2p4_72","opentrons_24_tuberack_eppendorf_1.5ml_safelock_snapcap",6,"B1","nest_96_wellplate_100ul_pcr_full_skirt",5,"H9",4.3
"tamGeneticsPCR2p4_73","opentrons_24_tuberack_eppendorf_1.5ml_safelock_snapcap",6,"B1","nest_96_wellplate_100ul_pcr_full_skirt",5,"A10",5
"tamGeneticsPCR2p4_74","opentrons_24_tuberack_eppendorf_1.5ml_safelock_snapcap",6,"B1","nest_96_wellplate_100ul_pcr_full_skirt",5,"B10",11.8
"tamGeneticsPCR2p4_75","opentrons_24_tuberack_eppendorf_1.5ml_safelock_snapcap",6,"B1","nest_96_wellplate_100ul_pcr_full_skirt",5,"C10",2.4
"tamGeneticsPCR2p4_76","opentrons_24_tuberack_eppendorf_1.5ml_safelock_snapcap",6,"B1","nest_96_wellplate_100ul_pcr_full_skirt",5,"D10",7.8
"tamGeneticsPCR2p4_77","opentrons_24_tuberack_eppendorf_1.5ml_safelock_snapcap",6,"B1","nest_96_wellplate_100ul_pcr_full_skirt",5,"E10",4.8
"tamGeneticsPCR2p4_78","opentrons_24_tuberack_eppendorf_1.5ml_safelock_snapcap",6,"B1","nest_96_wellplate_100ul_pcr_full_skirt",5,"F10",4.6
"tamGeneticsPCR2p4_79","opentrons_24_tuberack_eppendorf_1.5ml_safelock_snapcap",6,"B1","nest_96_wellplate_100ul_pcr_full_skirt",5,"G10",8.1
"tamGeneticsPCR2p4_80","opentrons_24_tuberack_eppendorf_1.5ml_safelock_snapcap",6,"B1","nest_96_wellplate_100ul_pcr_full_skirt",5,"H10",6.5
"tamGeneticsPCR2p4_81","opentrons_24_tuberack_eppendorf_1.5ml_safelock_snapcap",6,"B1","nest_96_wellplate_100ul_pcr_full_skirt",5,"A11",0
"tamGeneticsPCR2p4_82","opentrons_24_tuberack_eppendorf_1.5ml_safelock_snapcap",6,"B1","nest_96_wellplate_100ul_pcr_full_skirt",5,"B11",0
"tamGeneticsPCR2p4_83","opentrons_24_tuberack_eppendorf_1.5ml_safelock_snapcap",6,"B1","nest_96_wellplate_100ul_pcr_full_skirt",5,"C11",0
"tamGeneticsPCR2p4_84","opentrons_24_tuberack_eppendorf_1.5ml_safelock_snapcap",6,"B1","nest_96_wellplate_100ul_pcr_full_skirt",5,"D11",6.8
"tamGeneticsPCR2p4_85","opentrons_24_tuberack_eppendorf_1.5ml_safelock_snapcap",6,"B1","nest_96_wellplate_100ul_pcr_full_skirt",5,"E11",10.3
"tamGeneticsPCR2p4_86","opentrons_24_tuberack_eppendorf_1.5ml_safelock_snapcap",6,"B1","nest_96_wellplate_100ul_pcr_full_skirt",5,"F11",5.5
"tamGeneticsPCR2p4_87","opentrons_24_tuberack_eppendorf_1.5ml_safelock_snapcap",6,"B1","nest_96_wellplate_100ul_pcr_full_skirt",5,"G11",7.9
"tamGeneticsPCR2p4_88","opentrons_24_tuberack_eppendorf_1.5ml_safelock_snapcap",6,"B1","nest_96_wellplate_100ul_pcr_full_skirt",5,"H11",9.2
"tamGeneticsPCR2p4_89","opentrons_24_tuberack_eppendorf_1.5ml_safelock_snapcap",6,"B1","nest_96_wellplate_100ul_pcr_full_skirt",5,"A12",8.8
"tamGeneticsPCR2p4_90","opentrons_24_tuberack_eppendorf_1.5ml_safelock_snapcap",6,"B1","nest_96_wellplate_100ul_pcr_full_skirt",5,"B12",0
"tamGeneticsPCR2p4_91","opentrons_24_tuberack_eppendorf_1.5ml_safelock_snapcap",6,"B1","nest_96_wellplate_100ul_pcr_full_skirt",5,"C12",0
"tamGeneticsPCR2p4_92","opentrons_24_tuberack_eppendorf_1.5ml_safelock_snapcap",6,"B1","nest_96_wellplate_100ul_pcr_full_skirt",5,"D12",0
"tamGeneticsPCR2p4_93","opentrons_24_tuberack_eppendorf_1.5ml_safelock_snapcap",6,"B1","nest_96_wellplate_100ul_pcr_full_skirt",5,"E12",10.6
"tamGeneticsPCR2p4_94","opentrons_24_tuberack_eppendorf_1.5ml_safelock_snapcap",6,"B1","nest_96_wellplate_100ul_pcr_full_skirt",5,"F12",13.9
"tamGeneticsPCR2p4_95","opentrons_24_tuberack_eppendorf_1.5ml_safelock_snapcap",6,"B1","nest_96_wellplate_100ul_pcr_full_skirt",5,"G12",0
"tamGeneticsPCR2p4_96","opentrons_24_tuberack_eppendorf_1.5ml_safelock_snapcap",6,"B1","nest_96_wellplate_100ul_pcr_full_skirt",5,"H12",2.9
"tamGeneticsPCR2p5_01","opentrons_24_tuberack_eppendorf_1.5ml_safelock_snapcap",6,"B1","nest_96_wellplate_100ul_pcr_full_skirt",8,"A1",0
"tamGeneticsPCR2p5_02","opentrons_24_tuberack_eppendorf_1.5ml_safelock_snapcap",6,"B1","nest_96_wellplate_100ul_pcr_full_skirt",8,"B1",16.7
"tamGeneticsPCR2p5_03","opentrons_24_tuberack_eppendorf_1.5ml_safelock_snapcap",6,"B1","nest_96_wellplate_100ul_pcr_full_skirt",8,"C1",0
"tamGeneticsPCR2p5_04","opentrons_24_tuberack_eppendorf_1.5ml_safelock_snapcap",6,"B1","nest_96_wellplate_100ul_pcr_full_skirt",8,"D1",8.3
"tamGeneticsPCR2p5_05","opentrons_24_tuberack_eppendorf_1.5ml_safelock_snapcap",6,"B1","nest_96_wellplate_100ul_pcr_full_skirt",8,"E1",2
"tamGeneticsPCR2p5_06","opentrons_24_tuberack_eppendorf_1.5ml_safelock_snapcap",6,"B1","nest_96_wellplate_100ul_pcr_full_skirt",8,"F1",16.5
"tamGeneticsPCR2p5_07","opentrons_24_tuberack_eppendorf_1.5ml_safelock_snapcap",6,"B1","nest_96_wellplate_100ul_pcr_full_skirt",8,"G1",3.9
"tamGeneticsPCR2p5_08","opentrons_24_tuberack_eppendorf_1.5ml_safelock_snapcap",6,"B1","nest_96_wellplate_100ul_pcr_full_skirt",8,"H1",0
"tamGeneticsPCR2p5_09","opentrons_24_tuberack_eppendorf_1.5ml_safelock_snapcap",6,"B1","nest_96_wellplate_100ul_pcr_full_skirt",8,"A2",0
"tamGeneticsPCR2p5_10","opentrons_24_tuberack_eppendorf_1.5ml_safelock_snapcap",6,"B1","nest_96_wellplate_100ul_pcr_full_skirt",8,"B2",2
"tamGeneticsPCR2p5_11","opentrons_24_tuberack_eppendorf_1.5ml_safelock_snapcap",6,"B1","nest_96_wellplate_100ul_pcr_full_skirt",8,"C2",4.4
"tamGeneticsPCR2p5_12","opentrons_24_tuberack_eppendorf_1.5ml_safelock_snapcap",6,"B1","nest_96_wellplate_100ul_pcr_full_skirt",8,"D2",0
"tamGeneticsPCR2p5_13","opentrons_24_tuberack_eppendorf_1.5ml_safelock_snapcap",6,"B1","nest_96_wellplate_100ul_pcr_full_skirt",8,"E2",4.8
"tamGeneticsPCR2p5_14","opentrons_24_tuberack_eppendorf_1.5ml_safelock_snapcap",6,"B1","nest_96_wellplate_100ul_pcr_full_skirt",8,"F2",4.8
"tamGeneticsPCR2p5_15","opentrons_24_tuberack_eppendorf_1.5ml_safelock_snapcap",6,"B1","nest_96_wellplate_100ul_pcr_full_skirt",8,"G2",0
"tamGeneticsPCR2p5_16","opentrons_24_tuberack_eppendorf_1.5ml_safelock_snapcap",6,"B1","nest_96_wellplate_100ul_pcr_full_skirt",8,"H2",0
"tamGeneticsPCR2p5_17","opentrons_24_tuberack_eppendorf_1.5ml_safelock_snapcap",6,"B1","nest_96_wellplate_100ul_pcr_full_skirt",8,"A3",0
"tamGeneticsPCR2p5_18","opentrons_24_tuberack_eppendorf_1.5ml_safelock_snapcap",6,"B1","nest_96_wellplate_100ul_pcr_full_skirt",8,"B3",0
"tamGeneticsPCR2p5_19","opentrons_24_tuberack_eppendorf_1.5ml_safelock_snapcap",6,"B1","nest_96_wellplate_100ul_pcr_full_skirt",8,"C3",4
"tamGeneticsPCR2p5_20","opentrons_24_tuberack_eppendorf_1.5ml_safelock_snapcap",6,"B1","nest_96_wellplate_100ul_pcr_full_skirt",8,"D3",0
"tamGeneticsPCR2p5_21","opentrons_24_tuberack_eppendorf_1.5ml_safelock_snapcap",6,"B1","nest_96_wellplate_100ul_pcr_full_skirt",8,"E3",0
"tamGeneticsPCR2p5_22","opentrons_24_tuberack_eppendorf_1.5ml_safelock_snapcap",6,"B1","nest_96_wellplate_100ul_pcr_full_skirt",8,"F3",9
"tamGeneticsPCR2p5_23","opentrons_24_tuberack_eppendorf_1.5ml_safelock_snapcap",6,"B1","nest_96_wellplate_100ul_pcr_full_skirt",8,"G3",0
"tamGeneticsPCR2p5_24","opentrons_24_tuberack_eppendorf_1.5ml_safelock_snapcap",6,"B1","nest_96_wellplate_100ul_pcr_full_skirt",8,"H3",7.3
"tamGeneticsPCR2p5_25","opentrons_24_tuberack_eppendorf_1.5ml_safelock_snapcap",6,"B1","nest_96_wellplate_100ul_pcr_full_skirt",8,"A4",0
"tamGeneticsPCR2p5_26","opentrons_24_tuberack_eppendorf_1.5ml_safelock_snapcap",6,"B1","nest_96_wellplate_100ul_pcr_full_skirt",8,"B4",6.6
"tamGeneticsPCR2p5_27","opentrons_24_tuberack_eppendorf_1.5ml_safelock_snapcap",6,"B1","nest_96_wellplate_100ul_pcr_full_skirt",8,"C4",2.2
"tamGeneticsPCR2p5_28","opentrons_24_tuberack_eppendorf_1.5ml_safelock_snapcap",6,"B1","nest_96_wellplate_100ul_pcr_full_skirt",8,"D4",5.5
"tamGeneticsPCR2p5_29","opentrons_24_tuberack_eppendorf_1.5ml_safelock_snapcap",6,"B1","nest_96_wellplate_100ul_pcr_full_skirt",8,"E4",6.3
"tamGeneticsPCR2p5_30","opentrons_24_tuberack_eppendorf_1.5ml_safelock_snapcap",6,"B1","nest_96_wellplate_100ul_pcr_full_skirt",8,"F4",0
"tamGeneticsPCR2p5_31","opentrons_24_tuberack_eppendorf_1.5ml_safelock_snapcap",6,"B1","nest_96_wellplate_100ul_pcr_full_skirt",8,"G4",0
"tamGeneticsPCR2p5_32","opentrons_24_tuberack_eppendorf_1.5ml_safelock_snapcap",6,"B1","nest_96_wellplate_100ul_pcr_full_skirt",8,"H4",7.6
"tamGeneticsPCR2p5_33","opentrons_24_tuberack_eppendorf_1.5ml_safelock_snapcap",6,"B1","nest_96_wellplate_100ul_pcr_full_skirt",8,"A5",0
"tamGeneticsPCR2p5_34","opentrons_24_tuberack_eppendorf_1.5ml_safelock_snapcap",6,"B1","nest_96_wellplate_100ul_pcr_full_skirt",8,"B5",0
"tamGeneticsPCR2p5_35","opentrons_24_tuberack_eppendorf_1.5ml_safelock_snapcap",6,"B1","nest_96_wellplate_100ul_pcr_full_skirt",8,"C5",0
"tamGeneticsPCR2p5_36","opentrons_24_tuberack_eppendorf_1.5ml_safelock_snapcap",6,"B1","nest_96_wellplate_100ul_pcr_full_skirt",8,"D5",0
"tamGeneticsPCR2p5_37","opentrons_24_tuberack_eppendorf_1.5ml_safelock_snapcap",6,"B1","nest_96_wellplate_100ul_pcr_full_skirt",8,"E5",0
"tamGeneticsPCR2p5_38","opentrons_24_tuberack_eppendorf_1.5ml_safelock_snapcap",6,"B1","nest_96_wellplate_100ul_pcr_full_skirt",8,"F5",0
"tamGeneticsPCR2p5_39","opentrons_24_tuberack_eppendorf_1.5ml_safelock_snapcap",6,"B1","nest_96_wellplate_100ul_pcr_full_skirt",8,"G5",2.5
"tamGeneticsPCR2p5_40","opentrons_24_tuberack_eppendorf_1.5ml_safelock_snapcap",6,"B1","nest_96_wellplate_100ul_pcr_full_skirt",8,"H5",7.2
"tamGeneticsPCR2p5_41","opentrons_24_tuberack_eppendorf_1.5ml_safelock_snapcap",6,"B1","nest_96_wellplate_100ul_pcr_full_skirt",8,"A6",0
"tamGeneticsPCR2p5_42","opentrons_24_tuberack_eppendorf_1.5ml_safelock_snapcap",6,"B1","nest_96_wellplate_100ul_pcr_full_skirt",8,"B6",0
"tamGeneticsPCR2p5_43","opentrons_24_tuberack_eppendorf_1.5ml_safelock_snapcap",6,"B1","nest_96_wellplate_100ul_pcr_full_skirt",8,"C6",0
"tamGeneticsPCR2p5_44","opentrons_24_tuberack_eppendorf_1.5ml_safelock_snapcap",6,"B1","nest_96_wellplate_100ul_pcr_full_skirt",8,"D6",0
"tamGeneticsPCR2p5_45","opentrons_24_tuberack_eppendorf_1.5ml_safelock_snapcap",6,"B1","nest_96_wellplate_100ul_pcr_full_skirt",8,"E6",0
"tamGeneticsPCR2p5_46","opentrons_24_tuberack_eppendorf_1.5ml_safelock_snapcap",6,"B1","nest_96_wellplate_100ul_pcr_full_skirt",8,"F6",0
"tamGeneticsPCR2p5_47","opentrons_24_tuberack_eppendorf_1.5ml_safelock_snapcap",6,"B1","nest_96_wellplate_100ul_pcr_full_skirt",8,"G6",0
"tamGeneticsPCR2p5_48","opentrons_24_tuberack_eppendorf_1.5ml_safelock_snapcap",6,"B1","nest_96_wellplate_100ul_pcr_full_skirt",8,"H6",0
"tamGeneticsPCR2p5_49","opentrons_24_tuberack_eppendorf_1.5ml_safelock_snapcap",6,"B1","nest_96_wellplate_100ul_pcr_full_skirt",8,"A7",0
"tamGeneticsPCR2p5_50","opentrons_24_tuberack_eppendorf_1.5ml_safelock_snapcap",6,"B1","nest_96_wellplate_100ul_pcr_full_skirt",8,"B7",0
"tamGeneticsPCR2p5_51","opentrons_24_tuberack_eppendorf_1.5ml_safelock_snapcap",6,"B1","nest_96_wellplate_100ul_pcr_full_skirt",8,"C7",0
"tamGeneticsPCR2p5_52","opentrons_24_tuberack_eppendorf_1.5ml_safelock_snapcap",6,"B1","nest_96_wellplate_100ul_pcr_full_skirt",8,"D7",10.6
"tamGeneticsPCR2p5_53","opentrons_24_tuberack_eppendorf_1.5ml_safelock_snapcap",6,"B1","nest_96_wellplate_100ul_pcr_full_skirt",8,"E7",0
"tamGeneticsPCR2p5_54","opentrons_24_tuberack_eppendorf_1.5ml_safelock_snapcap",6,"B1","nest_96_wellplate_100ul_pcr_full_skirt",8,"F7",3
"tamGeneticsPCR2p5_55","opentrons_24_tuberack_eppendorf_1.5ml_safelock_snapcap",6,"B1","nest_96_wellplate_100ul_pcr_full_skirt",8,"G7",9.6
"tamGeneticsPCR2p5_56","opentrons_24_tuberack_eppendorf_1.5ml_safelock_snapcap",6,"B1","nest_96_wellplate_100ul_pcr_full_skirt",8,"H7",0
